/* Generated by tools/ark-font/gen_fonts.py; do not edit.
 * Ark UI subset derived from Source Han Sans SC (SIL OFL 1.1).
 * License: tools/ark-font/OFL.txt; 1-bpp, continuous packed rows. */
#include "ui_fonts.h"

static const uint8_t font_14_bitmap[] = {
    0x22, 0x22, 0x22, 0x22, 0x02, 0x60, 0x69, 0xa4, 0x92, 0x00, 0x00, 0x00, 0x00, 0x00, 0x00, 0x04,
    0x24, 0x24, 0x7e, 0x24, 0x24, 0x7e, 0x28, 0x48, 0x48, 0x10, 0x10, 0x3c, 0x60, 0x60, 0x20, 0x18,
    0x0c, 0x06, 0x06, 0x46, 0x3c, 0x10, 0x00, 0x70, 0x82, 0x44, 0x12, 0x41, 0x92, 0x04, 0xa6, 0x25,
    0x48, 0xd2, 0x40, 0x92, 0x08, 0x90, 0x44, 0x84, 0x18, 0x1c, 0x09, 0x02, 0x40, 0xb0, 0x38, 0x0c,
    0x25, 0x9b, 0x34, 0xc7, 0x11, 0xc3, 0xd8, 0x66, 0x44, 0x00, 0x00, 0x00, 0x00, 0x00, 0x8c, 0x42,
    0x31, 0x88, 0x43, 0x18, 0x42, 0x08, 0x40, 0x02, 0x10, 0xc2, 0x10, 0x84, 0x21, 0x08, 0x46, 0x21,
    0x00, 0x11, 0xe3, 0x8e, 0x00, 0x00, 0x00, 0x00, 0x00, 0x00, 0x10, 0x10, 0x10, 0xfe, 0x10, 0x10,
    0x10, 0x00, 0x00, 0x46, 0x24, 0x00, 0x70, 0x00, 0x00, 0x66, 0x08, 0x20, 0x84, 0x10, 0x42, 0x08,
    0x21, 0x04, 0x10, 0x82, 0x00, 0x38, 0x64, 0x46, 0x42, 0x42, 0x42, 0x42, 0x42, 0x46, 0x64, 0x38,
    0x38, 0x38, 0x18, 0x18, 0x18, 0x18, 0x18, 0x18, 0x18, 0x18, 0x7e, 0x38, 0x44, 0x06, 0x06, 0x04,
    0x04, 0x08, 0x18, 0x30, 0x60, 0x7e, 0x3c, 0x44, 0x06, 0x06, 0x0c, 0x38, 0x04, 0x06, 0x02, 0x46,
    0x7c, 0x0c, 0x0c, 0x1c, 0x34, 0x24, 0x64, 0x44, 0xfe, 0x04, 0x04, 0x04, 0x7e, 0x60, 0x60, 0x40,
    0x7c, 0x06, 0x06, 0x02, 0x06, 0xc4, 0x78, 0x1c, 0x22, 0x60, 0x40, 0x5c, 0x66, 0x42, 0x42, 0x42,
    0x26, 0x1c, 0x7e, 0x06, 0x04, 0x0c, 0x08, 0x18, 0x18, 0x10, 0x10, 0x10, 0x10, 0x3c, 0x64, 0x46,
    0x66, 0x34, 0x3c, 0x46, 0x42, 0x42, 0x46, 0x3c, 0x38, 0x64, 0x46, 0x42, 0x42, 0x66, 0x3a, 0x06,
    0x04, 0x4c, 0x78, 0x66, 0x00, 0x00, 0x66, 0x66, 0x00, 0x04, 0x62, 0x40, 0x00, 0x06, 0x1c, 0x60,
    0x60, 0x1c, 0x02, 0x00, 0x00, 0xfe, 0x00, 0x00, 0xfe, 0x00, 0x00, 0x00, 0x00, 0xe0, 0x38, 0x06,
    0x0e, 0x38, 0xc0, 0x00, 0x00, 0x78, 0x98, 0x30, 0x60, 0x82, 0x04, 0x08, 0x00, 0x60, 0xc0, 0x07,
    0xc0, 0xc3, 0x08, 0x04, 0xc7, 0x24, 0xc9, 0x24, 0x49, 0x26, 0x49, 0x36, 0x4e, 0xe3, 0x00, 0x0c,
    0x00, 0x1f, 0x00, 0x18, 0x0c, 0x07, 0x06, 0x82, 0x41, 0x31, 0x88, 0xfc, 0x43, 0x61, 0xb0, 0x40,
    0x7e, 0x31, 0x98, 0x4c, 0x26, 0x23, 0xf1, 0x8c, 0xc3, 0x61, 0x31, 0x9f, 0x80, 0x1e, 0x18, 0x98,
    0x08, 0x04, 0x02, 0x01, 0x00, 0x80, 0x60, 0x18, 0x87, 0x80, 0x7c, 0x18, 0xc6, 0x11, 0x86, 0x61,
    0x98, 0x66, 0x19, 0x86, 0x61, 0x18, 0xc7, 0xc0, 0x7e, 0x60, 0x60, 0x60, 0x60, 0x7e, 0x60, 0x60,
    0x60, 0x60, 0x7f, 0x7e, 0x60, 0x60, 0x60, 0x60, 0x7e, 0x60, 0x60, 0x60, 0x60, 0x60, 0x1f, 0x0c,
    0x46, 0x01, 0x00, 0x40, 0x11, 0xe4, 0x19, 0x86, 0x61, 0x8c, 0x61, 0xf0, 0x61, 0x98, 0x66, 0x19,
    0x86, 0x61, 0x9f, 0xe6, 0x19, 0x86, 0x61, 0x98, 0x66, 0x18, 0x66, 0x66, 0x66, 0x66, 0x66, 0x60,
    0x04, 0x08, 0x10, 0x20, 0x40, 0x81, 0x02, 0x04, 0x99, 0xe0, 0x61, 0x31, 0x19, 0x8d, 0x87, 0x83,
    0xe1, 0x98, 0xc4, 0x63, 0x30, 0x98, 0x60, 0x60, 0x60, 0x60, 0x60, 0x60, 0x60, 0x60, 0x60, 0x60,
    0x60, 0x7e, 0x60, 0xcc, 0x19, 0xc7, 0x38, 0xa7, 0x14, 0xd6, 0x9a, 0x93, 0x52, 0x66, 0x4c, 0x89,
    0x81, 0x00, 0x61, 0x9c, 0x67, 0x19, 0xe6, 0x69, 0x9b, 0x66, 0x59, 0x9e, 0x63, 0x98, 0xe6, 0x18,
    0x1e, 0x0c, 0xc6, 0x19, 0x02, 0x40, 0x90, 0x34, 0x09, 0x02, 0x61, 0x8c, 0xc1, 0xe0, 0x7e, 0x31,
    0x98, 0x4c, 0x26, 0x33, 0xf1, 0x80, 0xc0, 0x60, 0x30, 0x18, 0x00, 0x1e, 0x0c, 0xc6, 0x19, 0x02,
    0x40, 0x90, 0x34, 0x09, 0x02, 0x61, 0x8c, 0x41, 0xe0, 0x18, 0x03, 0xc0, 0x7e, 0x31, 0x98, 0x4c,
    0x26, 0x33, 0xf1, 0x90, 0xcc, 0x62, 0x31, 0x98, 0x40, 0x3c, 0x62, 0x60, 0x60, 0x30, 0x1c, 0x06,
    0x03, 0x03, 0x62, 0x3c, 0xff, 0x18, 0x18, 0x18, 0x18, 0x18, 0x18, 0x18, 0x18, 0x18, 0x18, 0x61,
    0x98, 0x66, 0x19, 0x86, 0x61, 0x98, 0x66, 0x19, 0x86, 0x21, 0x0c, 0xc1, 0xe0, 0x83, 0xc3, 0x42,
    0x42, 0x66, 0x24, 0x24, 0x24, 0x3c, 0x18, 0x18, 0xc6, 0x34, 0x63, 0x46, 0x24, 0x72, 0x6d, 0x26,
    0x92, 0x29, 0x62, 0x9c, 0x38, 0xc3, 0x0c, 0x30, 0xc0, 0x42, 0x66, 0x24, 0x3c, 0x18, 0x18, 0x18,
    0x2c, 0x64, 0x46, 0xc2, 0xc2, 0x46, 0x44, 0x6c, 0x28, 0x38, 0x10, 0x10, 0x10, 0x10, 0x10, 0x7f,
    0x02, 0x06, 0x04, 0x0c, 0x18, 0x10, 0x30, 0x20, 0x60, 0x7f, 0x72, 0x10, 0x84, 0x21, 0x08, 0x42,
    0x10, 0x84, 0x18, 0x81, 0x04, 0x10, 0x60, 0x82, 0x0c, 0x10, 0x41, 0x02, 0x08, 0x00, 0xe1, 0x08,
    0x42, 0x10, 0x84, 0x21, 0x08, 0x42, 0x70, 0x00, 0x18, 0x18, 0x28, 0x24, 0x64, 0x46, 0x00, 0x00,
    0x00, 0x00, 0x00, 0xff, 0x00, 0x30, 0x10, 0x08, 0x00, 0x00, 0x00, 0x00, 0x00, 0x00, 0x00, 0x00,
    0x00, 0x3c, 0x44, 0x06, 0x1e, 0x66, 0x46, 0x46, 0x7e, 0x00, 0x30, 0x18, 0x0c, 0x07, 0xe3, 0x11,
    0x8c, 0xc2, 0x63, 0x31, 0x98, 0x8f, 0x80, 0x3c, 0xc1, 0x02, 0x04, 0x08, 0x18, 0x1e, 0x00, 0x01,
    0x00, 0x80, 0x43, 0xe3, 0x31, 0x08, 0x84, 0x42, 0x21, 0x19, 0x87, 0xc0, 0x3c, 0x66, 0x42, 0x7e,
    0x40, 0x40, 0x60, 0x3c, 0x39, 0x18, 0xcf, 0x31, 0x8c, 0x63, 0x18, 0xc0, 0x3f, 0x64, 0x46, 0x46,
    0x64, 0x38, 0x40, 0x7e, 0x43, 0x43, 0x42, 0x3c, 0x00, 0x60, 0x60, 0x60, 0x7c, 0x76, 0x62, 0x62,
    0x62, 0x62, 0x62, 0x62, 0x60, 0x06, 0x66, 0x66, 0x66, 0x60, 0x30, 0x00, 0x63, 0x18, 0xc6, 0x31,
    0x8c, 0x63, 0x13, 0x80, 0x40, 0x60, 0x60, 0x60, 0x66, 0x64, 0x68, 0x78, 0x78, 0x64, 0x66, 0x62,
    0x06, 0x66, 0x66, 0x66, 0x66, 0x62, 0x5c, 0xe3, 0xb9, 0x98, 0x8c, 0xc4, 0x66, 0x23, 0x31, 0x19,
    0x88, 0xcc, 0x46, 0x5c, 0x76, 0x62, 0x62, 0x62, 0x62, 0x62, 0x62, 0x3c, 0x66, 0x43, 0x43, 0x43,
    0x43, 0x66, 0x3c, 0x5e, 0x31, 0x18, 0xcc, 0x26, 0x33, 0x19, 0x88, 0xf8, 0x60, 0x30, 0x18, 0x0c,
    0x00, 0x3e, 0x33, 0x10, 0x88, 0x44, 0x22, 0x11, 0x98, 0x7c, 0x02, 0x01, 0x00, 0x80, 0x40, 0x59,
    0xc6, 0x18, 0x61, 0x86, 0x18, 0x39, 0x04, 0x1c, 0x1c, 0x14, 0xde, 0x01, 0x19, 0xf6, 0x31, 0x8c,
    0x61, 0x0e, 0x42, 0x42, 0x42, 0x42, 0x42, 0x62, 0x66, 0x3a, 0xc2, 0x8d, 0x13, 0x22, 0xc5, 0x0e,
    0x0c, 0xc4, 0x69, 0xc9, 0x29, 0x35, 0x26, 0xac, 0x77, 0x0c, 0x61, 0x8c, 0x44, 0xd8, 0xa1, 0x83,
    0x85, 0x13, 0x62, 0xc2, 0x8d, 0x13, 0x22, 0xc5, 0x0e, 0x0c, 0x10, 0x20, 0xc7, 0x00, 0x7c, 0x18,
    0x60, 0x83, 0x04, 0x10, 0x7e, 0x31, 0x08, 0x42, 0x11, 0x0c, 0x21, 0x08, 0x42, 0x18, 0x04, 0x44,
    0x44, 0x44, 0x44, 0x44, 0x44, 0x44, 0xe1, 0x08, 0x42, 0x10, 0xc4, 0x21, 0x08, 0x46, 0x60, 0x60,
    0x52, 0x0c, 0x00, 0x00, 0x00, 0x00, 0x7f, 0xf0, 0x00, 0x00, 0x00, 0x00, 0x23, 0x10, 0x8c, 0x40,
    0x00, 0x00, 0x00, 0x00, 0x00, 0x00, 0x00, 0x40, 0x01, 0x80, 0x03, 0x00, 0x06, 0x00, 0x70, 0x01,
    0x20, 0x00, 0x80, 0x16, 0x00, 0x30, 0x00, 0x7f, 0xfc, 0x00, 0x00, 0x00, 0x00, 0x00, 0x00, 0x00,
    0x00, 0x00, 0x7f, 0xf8, 0x10, 0x00, 0x40, 0x01, 0x00, 0x0f, 0xf0, 0x20, 0x40, 0x81, 0x02, 0x04,
    0x18, 0x30, 0x40, 0xc3, 0x02, 0x18, 0x08, 0x41, 0xe0, 0x3f, 0xf0, 0x00, 0x00, 0x00, 0x00, 0x00,
    0x00, 0x00, 0x7f, 0x80, 0x00, 0x00, 0x00, 0x00, 0x00, 0x00, 0x07, 0xff, 0x80, 0x02, 0x00, 0x08,
    0x00, 0x20, 0x00, 0x80, 0x02, 0x00, 0x0f, 0xc0, 0x20, 0x00, 0x80, 0x02, 0x00, 0x08, 0x00, 0x20,
    0x00, 0x80, 0x7f, 0xf8, 0x7f, 0xf8, 0x08, 0x00, 0x20, 0x00, 0xc0, 0x03, 0x80, 0x0b, 0x80, 0x23,
    0x00, 0x84, 0x02, 0x00, 0x08, 0x00, 0x20, 0x00, 0x80, 0x02, 0x00, 0x00, 0x00, 0x60, 0x01, 0xff,
    0x04, 0x00, 0x10, 0x00, 0x40, 0x03, 0xff, 0x00, 0x04, 0x00, 0x11, 0xff, 0x40, 0x01, 0x00, 0x04,
    0x00, 0x30, 0x07, 0x80, 0x01, 0x00, 0x0c, 0x00, 0x78, 0x03, 0x30, 0x1a, 0x71, 0x8c, 0x64, 0x30,
    0x80, 0xc0, 0x03, 0x00, 0x0c, 0x00, 0x30, 0x00, 0xc0, 0x03, 0x00, 0x02, 0x00, 0x0c, 0x00, 0x30,
    0x1f, 0xfe, 0x43, 0x09, 0x0c, 0x24, 0x30, 0x90, 0xc2, 0x7f, 0xf9, 0x0c, 0x20, 0x30, 0x00, 0xc0,
    0x03, 0x00, 0x0c, 0x00, 0x02, 0x00, 0x0c, 0x00, 0x10, 0x1f, 0xfc, 0x00, 0x20, 0x01, 0x80, 0x0c,
    0x00, 0x60, 0x03, 0x00, 0x18, 0x00, 0xc0, 0x0e, 0x00, 0x6c, 0x01, 0x1f, 0xe0, 0x00, 0x00, 0x7f,
    0xf0, 0x00, 0xc0, 0x06, 0x00, 0x70, 0x03, 0x00, 0x0c, 0x00, 0x30, 0x00, 0xc0, 0x03, 0x00, 0x0c,
    0x00, 0x30, 0x00, 0xc0, 0x0e, 0x00, 0x3f, 0xf0, 0x00, 0x00, 0x00, 0x00, 0x00, 0x00, 0x00, 0x00,
    0x00, 0x00, 0x00, 0x00, 0x00, 0x01, 0xff, 0xe0, 0x00, 0x00, 0x3f, 0xf0, 0x08, 0x00, 0x60, 0x01,
    0x00, 0x3f, 0xe0, 0x10, 0x80, 0x42, 0x01, 0x08, 0x0c, 0x60, 0x21, 0x87, 0xff, 0x80, 0x02, 0x00,
    0x0c, 0x00, 0x30, 0x00, 0xc0, 0x03, 0x00, 0x0c, 0x00, 0x78, 0x01, 0x20, 0x0c, 0xc0, 0x21, 0x01,
    0x82, 0x0c, 0x06, 0x40, 0x08, 0x10, 0x00, 0x4b, 0xe3, 0x20, 0x89, 0x42, 0x24, 0x09, 0x90, 0x26,
    0x40, 0x89, 0x02, 0x24, 0x08, 0x90, 0x22, 0x40, 0x89, 0x02, 0x24, 0x08, 0x90, 0xe0, 0x08, 0x00,
    0x4b, 0x01, 0x2c, 0x09, 0xfe, 0x24, 0xc1, 0xb3, 0x0e, 0x0c, 0x08, 0x30, 0x2f, 0xf8, 0x83, 0x02,
    0x0c, 0x08, 0x30, 0x20, 0xc0, 0x83, 0x00, 0x10, 0x00, 0x44, 0x81, 0x22, 0x08, 0x8c, 0x26, 0x11,
    0x90, 0x26, 0xff, 0x88, 0x44, 0x21, 0x10, 0x84, 0x42, 0x31, 0x08, 0x8c, 0x26, 0x20, 0xb3, 0x80,
    0x08, 0x80, 0x62, 0x01, 0x08, 0x0c, 0x20, 0x3f, 0xf9, 0xc7, 0x0d, 0x1e, 0x04, 0xe8, 0x12, 0xb0,
    0x5a, 0x41, 0xc8, 0x86, 0x22, 0x10, 0x80, 0x42, 0x00, 0x01, 0x00, 0x0c, 0x00, 0x78, 0x03, 0x30,
    0x38, 0x31, 0xff, 0xe0, 0x00, 0x00, 0x00, 0x7f, 0xf8, 0x10, 0x00, 0x84, 0x06, 0x08, 0x3f, 0xf0,
    0x80, 0x40, 0x00, 0x80, 0x42, 0x01, 0x7f, 0x88, 0x40, 0x21, 0x01, 0xbf, 0xee, 0x30, 0x08, 0x80,
    0x23, 0xf0, 0x80, 0xc2, 0x06, 0x08, 0x70, 0x20, 0xc0, 0x80, 0x80, 0x10, 0x80, 0x42, 0x03, 0x08,
    0x0b, 0xfe, 0x61, 0xc1, 0x87, 0x06, 0x2a, 0x08, 0xa8, 0x26, 0x90, 0x92, 0x62, 0xbf, 0x88, 0x20,
    0x20, 0x80, 0x82, 0x00, 0x02, 0x00, 0x48, 0x01, 0x20, 0x09, 0xfe, 0x64, 0x49, 0xb1, 0x2a, 0x04,
    0x08, 0x94, 0x22, 0x50, 0x99, 0x22, 0x44, 0x89, 0x12, 0x20, 0xc0, 0x86, 0x00, 0x08, 0x00, 0x7f,
    0xe1, 0x40, 0x8d, 0x02, 0x24, 0x09, 0x9f, 0xea, 0x08, 0x0b, 0xfe, 0x21, 0xc0, 0x87, 0x82, 0x2b,
    0x09, 0x26, 0x38, 0x8c, 0x82, 0x00, 0x00, 0x80, 0x42, 0x01, 0x08, 0x0b, 0xfe, 0x20, 0x01, 0x9f,
    0xc6, 0x00, 0x09, 0xfc, 0x20, 0x00, 0x9f, 0xc2, 0x41, 0x09, 0x04, 0x27, 0xf0, 0x90, 0x40, 0x10,
    0x80, 0x44, 0x03, 0x1f, 0x88, 0xc4, 0x6e, 0xb1, 0xa3, 0x8e, 0xfb, 0x8a, 0x10, 0x29, 0x80, 0xa0,
    0x82, 0x9c, 0x8a, 0x0c, 0x21, 0xe0, 0x8c, 0x00, 0x00, 0x00, 0x5f, 0xc1, 0x41, 0x09, 0xfc, 0x64,
    0x11, 0x9f, 0xca, 0x41, 0x09, 0xfc, 0x24, 0x10, 0xbf, 0xe2, 0x02, 0x08, 0x8c, 0x24, 0x18, 0xa0,
    0x20, 0x10, 0x40, 0xe1, 0x22, 0x5f, 0x89, 0x14, 0x60, 0x71, 0xf7, 0xea, 0x4c, 0x09, 0x7e, 0x27,
    0x88, 0x92, 0x22, 0x4f, 0x89, 0xa2, 0x2c, 0xf8, 0x82, 0x20, 0x08, 0x00, 0x18, 0x00, 0x20, 0x00,
    0xc0, 0x03, 0x00, 0x0a, 0x00, 0x6c, 0x01, 0x10, 0x0c, 0x60, 0x60, 0x83, 0x01, 0x98, 0x02, 0x00,
    0x00, 0x00, 0x00, 0x0c, 0x00, 0x30, 0x01, 0x20, 0x08, 0x40, 0x60, 0x86, 0x01, 0x97, 0xfa, 0x03,
    0x00, 0x0c, 0x01, 0xfe, 0x00, 0xc0, 0x03, 0x01, 0xff, 0xe0, 0x02, 0x00, 0x08, 0x00, 0x30, 0x00,
    0x40, 0x7f, 0xf8, 0x00, 0x00, 0x00, 0x02, 0x10, 0x18, 0x60, 0x40, 0x83, 0x03, 0x08, 0x06, 0x60,
    0x09, 0x00, 0x20, 0x10, 0x20, 0x21, 0x80, 0x84, 0x0f, 0xfc, 0x03, 0x00, 0x0c, 0x00, 0x30, 0x1f,
    0xfe, 0x03, 0x00, 0x1e, 0x00, 0x4c, 0x06, 0x18, 0x70, 0x39, 0x00, 0x20, 0x03, 0x00, 0x0c, 0x00,
    0x30, 0x1f, 0xfe, 0x43, 0x09, 0x08, 0x24, 0x30, 0x91, 0xe2, 0x44, 0xc9, 0x21, 0xa7, 0x03, 0x90,
    0x02, 0x40, 0x09, 0x01, 0xc0, 0x00, 0x00, 0x7f, 0xf8, 0x0c, 0x00, 0x30, 0x0f, 0xfc, 0x23, 0x10,
    0xff, 0xc2, 0x31, 0x08, 0xc4, 0xff, 0xfc, 0x80, 0x42, 0x01, 0x08, 0x04, 0x20, 0xf0, 0x03, 0x00,
    0x0c, 0x02, 0x31, 0x08, 0xc4, 0x23, 0x10, 0x8c, 0x43, 0xff, 0x00, 0xc0, 0x63, 0x19, 0x8c, 0x66,
    0x31, 0x98, 0xc6, 0x7f, 0xf8, 0x00, 0x60, 0x03, 0x00, 0x0c, 0x03, 0xff, 0x00, 0xc0, 0x03, 0x00,
    0x0c, 0x07, 0xff, 0x80, 0xc0, 0x23, 0x10, 0x8c, 0x42, 0x31, 0x08, 0xc4, 0x3f, 0xf0, 0x00, 0x40,
    0x00, 0x00, 0x21, 0x01, 0x86, 0x04, 0x08, 0x30, 0x31, 0x80, 0x67, 0xfe, 0x81, 0x08, 0x04, 0x20,
    0x10, 0x80, 0xc2, 0x06, 0x08, 0x30, 0x21, 0x87, 0x00, 0x00, 0x00, 0x20, 0x00, 0x8f, 0xe2, 0x08,
    0x8b, 0x22, 0x78, 0x88, 0x82, 0x22, 0x08, 0x88, 0x22, 0x21, 0x88, 0xb4, 0x23, 0x90, 0x88, 0xc2,
    0x06, 0x18, 0x11, 0xc0, 0x00, 0x00, 0x00, 0x09, 0xfc, 0x21, 0x04, 0x84, 0x12, 0x3f, 0x48, 0x89,
    0x26, 0x24, 0x94, 0x92, 0x1e, 0x48, 0x31, 0x20, 0xc0, 0x86, 0x02, 0x30, 0x09, 0x80, 0xe0, 0x00,
    0x00, 0x20, 0x00, 0x4f, 0xe0, 0x08, 0x9f, 0x22, 0x08, 0x88, 0x62, 0x21, 0x48, 0x8e, 0x62, 0x79,
    0x89, 0x54, 0x21, 0x11, 0x84, 0x86, 0x16, 0x10, 0x51, 0xc0, 0x00, 0x01, 0xf8, 0x24, 0x24, 0x90,
    0x92, 0x42, 0x49, 0xf9, 0x21, 0x04, 0x9f, 0x92, 0x12, 0x48, 0x49, 0x23, 0x20, 0x88, 0x82, 0x62,
    0x09, 0x31, 0xe0, 0x00, 0x09, 0xfc, 0x24, 0x14, 0x90, 0x52, 0x7f, 0x49, 0x11, 0x27, 0xf4, 0x9d,
    0x52, 0x75, 0x49, 0xd5, 0x25, 0x50, 0x95, 0xc2, 0x44, 0x08, 0x10, 0xe0, 0x00, 0x00, 0x40, 0x80,
    0x84, 0x1f, 0xfe, 0x00, 0x00, 0x00, 0x03, 0xe9, 0x08, 0xb4, 0x3e, 0xd0, 0x8b, 0x42, 0x2d, 0x0f,
    0xb4, 0x22, 0x10, 0x88, 0x42, 0xc7, 0x00, 0x10, 0x00, 0x40, 0x01, 0x0f, 0x9f, 0xa2, 0x12, 0x88,
    0x4a, 0x23, 0x28, 0x8c, 0xa2, 0x22, 0x88, 0x8a, 0x22, 0x28, 0x99, 0xa2, 0x46, 0xf9, 0x72, 0x20,
    0x00, 0x00, 0x00, 0x41, 0xf9, 0x00, 0x04, 0x00, 0x7e, 0x00, 0x49, 0xf9, 0x23, 0x04, 0x89, 0x12,
    0x24, 0x48, 0x9b, 0x27, 0xe8, 0x9c, 0xa2, 0x01, 0x18, 0x05, 0xc0, 0x00, 0x00, 0x09, 0x00, 0x24,
    0x01, 0x90, 0x04, 0x46, 0x31, 0x11, 0xc4, 0x85, 0x1c, 0x04, 0x60, 0x13, 0x00, 0x5c, 0x01, 0x10,
    0xc4, 0x42, 0x11, 0x88, 0x43, 0xe0, 0x00, 0x00, 0x00, 0x20, 0x21, 0x80, 0xc4, 0x0f, 0xfc, 0x23,
    0x10, 0xff, 0xc2, 0x31, 0x08, 0xc4, 0x3f, 0xf0, 0x0c, 0x07, 0xff, 0x80, 0xc0, 0x03, 0x00, 0x08,
    0x00, 0x20, 0xe0, 0x83, 0x62, 0x7f, 0x88, 0xfe, 0xfc, 0xc8, 0x9f, 0xe2, 0x4c, 0x89, 0xfe, 0x20,
    0x28, 0xbf, 0xe2, 0x22, 0x08, 0xc8, 0x21, 0x20, 0x81, 0x80, 0x02, 0x00, 0x08, 0x00, 0x3f, 0x00,
    0x80, 0x02, 0x00, 0x08, 0x07, 0xff, 0x80, 0x80, 0x02, 0x00, 0x0f, 0x00, 0x23, 0x00, 0x80, 0x02,
    0x00, 0x08, 0x00, 0x3f, 0xf8, 0x80, 0x02, 0x10, 0x08, 0x40, 0x3f, 0xf9, 0x84, 0x66, 0x31, 0x18,
    0x84, 0x62, 0x11, 0x08, 0x44, 0x41, 0x13, 0x04, 0x50, 0xe0, 0x00, 0x00, 0x02, 0x00, 0x11, 0x81,
    0xff, 0x0f, 0x84, 0x04, 0x01, 0xff, 0xe0, 0x84, 0x04, 0xcc, 0x6c, 0x19, 0x06, 0x00, 0xe2, 0x00,
    0x30, 0x07, 0x80, 0x70, 0x00, 0x7d, 0xf8, 0x14, 0x20, 0x59, 0x91, 0x24, 0x2c, 0x90, 0xe2, 0xc1,
    0x8e, 0x06, 0x18, 0x1c, 0x60, 0xd3, 0x82, 0x5b, 0x18, 0xc6, 0x42, 0x08, 0x7e, 0x00, 0x97, 0xe2,
    0x48, 0x8f, 0x26, 0x24, 0x90, 0x93, 0x43, 0xc5, 0x09, 0x18, 0x24, 0x61, 0xf9, 0x86, 0x4d, 0x01,
    0x66, 0x05, 0x08, 0x7f, 0xf8, 0x00, 0xc0, 0x03, 0x0f, 0xcc, 0x21, 0x30, 0x84, 0xc2, 0x13, 0x08,
    0x4c, 0x3f, 0x30, 0x80, 0xc0, 0x03, 0x00, 0x0c, 0x00, 0xe0, 0x7f, 0xf9, 0x00, 0x25, 0xfe, 0x90,
    0x02, 0x40, 0x09, 0x3f, 0x24, 0x84, 0x92, 0x12, 0x48, 0x49, 0x3f, 0x24, 0x80, 0x90, 0x02, 0x40,
    0x38, 0x00, 0x70, 0xfe, 0x02, 0x00, 0x08, 0x00, 0x3f, 0xf8, 0x80, 0x02, 0x00, 0x0b, 0xfc, 0x28,
    0x10, 0xa0, 0x46, 0x81, 0x12, 0x04, 0x4f, 0xf0, 0x20, 0x40, 0x00, 0x00, 0x0f, 0xc7, 0x81, 0x12,
    0x84, 0x4a, 0x11, 0x28, 0xc4, 0xa3, 0x12, 0xfe, 0x48, 0x09, 0xe0, 0x24, 0x7e, 0x80, 0x02, 0x00,
    0x18, 0x01, 0xc0, 0x02, 0x00, 0x04, 0x03, 0xff, 0x08, 0x04, 0x20, 0x10, 0xff, 0xc2, 0x00, 0x08,
    0x00, 0x2f, 0xf0, 0xa0, 0x42, 0x81, 0x1a, 0x04, 0x4f, 0xf1, 0x20, 0x40, 0x07, 0xe1, 0xe4, 0x84,
    0xb2, 0x12, 0xc8, 0x4b, 0x79, 0x2c, 0x24, 0xb1, 0x12, 0xa4, 0x7a, 0xf1, 0x11, 0x80, 0x46, 0x03,
    0x66, 0x09, 0x08, 0x3f, 0xf0, 0x84, 0x42, 0xfd, 0x08, 0xc4, 0x23, 0x10, 0xbf, 0xc2, 0x01, 0x0b,
    0xf4, 0x28, 0x50, 0xa1, 0x44, 0xfd, 0x12, 0x04, 0x40, 0x70, 0x00, 0x00, 0x07, 0xe7, 0x7c, 0x14,
    0x92, 0x52, 0x51, 0x49, 0x45, 0x04, 0x15, 0xfe, 0x50, 0x41, 0xc1, 0x04, 0x04, 0x00, 0x10, 0x00,
    0xc0, 0x0e, 0x00, 0x00, 0x00, 0x78, 0x07, 0x9f, 0x86, 0x42, 0x19, 0x09, 0xfc, 0x21, 0x90, 0x8f,
    0x42, 0x3f, 0x09, 0x6c, 0x25, 0x90, 0x86, 0x7e, 0x19, 0x08, 0x40, 0x00, 0x01, 0x00, 0x07, 0xc7,
    0x22, 0x15, 0x98, 0x57, 0xf1, 0x4b, 0x45, 0x2d, 0x14, 0xa4, 0x5f, 0xf9, 0xc3, 0x04, 0x16, 0x10,
    0xc8, 0x06, 0x18, 0x20, 0x20, 0x7f, 0xf9, 0x12, 0x24, 0x48, 0x91, 0x22, 0x44, 0x89, 0x32, 0x24,
    0x88, 0x96, 0x3e, 0x70, 0x09, 0x00, 0x27, 0xff, 0x90, 0x02, 0x00, 0x00, 0x7f, 0xf9, 0x00, 0x24,
    0x00, 0x93, 0xf2, 0x48, 0x49, 0x21, 0x24, 0x84, 0x92, 0x12, 0x4f, 0xc9, 0x00, 0x24, 0x00, 0x9f,
    0xfe, 0x40, 0x08, 0x7f, 0xf9, 0x00, 0x24, 0x30, 0x97, 0xfa, 0x43, 0x09, 0x0c, 0x24, 0xfc, 0x92,
    0x12, 0x48, 0x49, 0x3f, 0x24, 0x00, 0x9f, 0xfe, 0x40, 0x08, 0x7f, 0xf9, 0x10, 0x24, 0x7c, 0x97,
    0x32, 0x53, 0x89, 0x1e, 0x27, 0xc7, 0x90, 0xc2, 0x40, 0x09, 0x1e, 0x24, 0x04, 0x9f, 0xfe, 0x40,
    0x08, 0x04, 0x00, 0x10, 0x07, 0xff, 0x82, 0x00, 0x18, 0x80, 0x42, 0x03, 0x08, 0x1d, 0xfe, 0x50,
    0x80, 0x42, 0x01, 0x08, 0x04, 0x20, 0x10, 0x80, 0x5f, 0xe0, 0x00, 0x01, 0xfd, 0x61, 0x45, 0x85,
    0x16, 0x7f, 0x58, 0xd1, 0x62, 0x41, 0x99, 0x8c, 0x01, 0x00, 0xff, 0xc0, 0x10, 0x00, 0x40, 0x7f,
    0xf8, 0x02, 0x00, 0x0c, 0x00, 0x30, 0x00, 0xc0, 0x03, 0x01, 0xff, 0xe0, 0x30, 0x00, 0xc0, 0x03,
    0x00, 0x0c, 0x00, 0x30, 0x00, 0xc0, 0x7f, 0xf8, 0x04, 0x00, 0x3f, 0x81, 0x86, 0x19, 0x30, 0x07,
    0x80, 0x3f, 0x87, 0x03, 0x8f, 0xfc, 0x33, 0x30, 0xcc, 0xc3, 0xff, 0x0c, 0xcc, 0x3f, 0xf0, 0x80,
    0x00, 0x02, 0x00, 0x1f, 0x81, 0x84, 0x0e, 0x30, 0x05, 0x80, 0x1c, 0x00, 0xc8, 0x1c, 0x7e, 0x06,
    0x10, 0x78, 0xc0, 0x1e, 0x00, 0x60, 0x1e, 0x01, 0xc0, 0x00, 0x7f, 0xf8, 0x0c, 0x00, 0x30, 0x00,
    0xc0, 0x02, 0x01, 0xff, 0xe0, 0x30, 0x01, 0xe0, 0x04, 0x80, 0x33, 0x01, 0x86, 0x1c, 0x0e, 0x40,
    0x08, 0x03, 0x00, 0x0c, 0x00, 0x30, 0x00, 0x80, 0x7f, 0xf8, 0x0c, 0x00, 0x38, 0x01, 0xa0, 0x04,
    0x80, 0x31, 0x00, 0xc6, 0x04, 0x8c, 0x61, 0x19, 0x00, 0x20, 0x12, 0x00, 0x4c, 0x01, 0x30, 0x0f,
    0xfc, 0x23, 0x01, 0x0c, 0x00, 0x20, 0x1f, 0xfe, 0x03, 0x00, 0x1e, 0x00, 0x4c, 0x06, 0x18, 0x30,
    0x39, 0x00, 0x20, 0x20, 0x40, 0x82, 0x02, 0x08, 0x1e, 0x44, 0x2b, 0x18, 0xaf, 0xe4, 0xa0, 0x92,
    0x00, 0x6b, 0xf8, 0xc8, 0x21, 0xa0, 0x8b, 0x82, 0x63, 0xf9, 0x08, 0x20, 0x04, 0x00, 0x10, 0x07,
    0xff, 0x82, 0x00, 0x08, 0x00, 0x4f, 0xc3, 0x03, 0x1c, 0x10, 0x70, 0xc0, 0x5f, 0xe1, 0x0c, 0x04,
    0x30, 0x10, 0xc0, 0x4e, 0x00, 0x02, 0x00, 0x0c, 0x07, 0xff, 0x90, 0x02, 0x46, 0x08, 0x10, 0x07,
    0xff, 0x82, 0x10, 0x18, 0xc0, 0x72, 0x00, 0x78, 0x01, 0xb8, 0x3c, 0x31, 0x80, 0x40, 0x02, 0x00,
    0x0c, 0x07, 0xff, 0x90, 0x02, 0x40, 0x08, 0x7f, 0x80, 0x00, 0x1f, 0xfe, 0x0c, 0x80, 0x22, 0x00,
    0x88, 0x02, 0x22, 0x10, 0x89, 0x83, 0xe0, 0x00, 0x00, 0x02, 0x00, 0x0c, 0x07, 0xff, 0x90, 0x02,
    0x40, 0x08, 0x7f, 0x80, 0x30, 0x04, 0xc0, 0x13, 0xf0, 0xcc, 0x03, 0xb0, 0x0a, 0xc0, 0x67, 0x01,
    0x0f, 0xe0, 0x00, 0x00, 0x02, 0x00, 0x0c, 0x07, 0xff, 0x90, 0x02, 0x49, 0x08, 0x14, 0x02, 0x10,
    0x06, 0x40, 0x03, 0x01, 0xff, 0xe0, 0x28, 0x03, 0x38, 0x38, 0x31, 0x80, 0x20, 0x02, 0x00, 0x0c,
    0x07, 0xff, 0x90, 0x02, 0x08, 0x40, 0xcc, 0xc6, 0x79, 0x03, 0x30, 0x18, 0x71, 0xff, 0xe1, 0x02,
    0x04, 0x08, 0x1f, 0xe0, 0x40, 0x80, 0x00, 0x00, 0x0c, 0x07, 0xff, 0x90, 0x02, 0x50, 0x08, 0x7f,
    0xe1, 0x08, 0x84, 0x24, 0x7e, 0x90, 0x21, 0x42, 0xa6, 0x12, 0x98, 0x48, 0xf0, 0x26, 0x63, 0x10,
    0x80, 0x00, 0x00, 0x0c, 0x00, 0x30, 0x00, 0xc0, 0x13, 0x20, 0xcc, 0xc2, 0x31, 0x08, 0xc6, 0x63,
    0x09, 0x0c, 0x24, 0x30, 0xc0, 0xc0, 0x03, 0x00, 0x38, 0x00, 0x02, 0x00, 0x8c, 0x41, 0x33, 0x04,
    0xc8, 0x03, 0x00, 0xff, 0xc2, 0x01, 0x0b, 0xf4, 0x28, 0x50, 0xa1, 0x42, 0xfd, 0x0a, 0x04, 0x20,
    0x10, 0x81, 0xc0, 0x3f, 0xf8, 0x80, 0x63, 0xff, 0x89, 0x08, 0x24, 0x20, 0xff, 0xe2, 0x26, 0x08,
    0x98, 0x3f, 0xf9, 0x99, 0x84, 0x46, 0x12, 0x18, 0x10, 0x20, 0x3f, 0xf8, 0x80, 0x63, 0xff, 0x0b,
    0x7e, 0x3b, 0x00, 0x9f, 0xc2, 0x9f, 0x0e, 0x44, 0x79, 0xf1, 0x27, 0xc4, 0xbb, 0x12, 0x3c, 0x0b,
    0x08, 0x7f, 0xf0, 0x00, 0xc2, 0x03, 0x08, 0x0c, 0x20, 0x30, 0xff, 0xc2, 0x00, 0x08, 0x00, 0x20,
    0x08, 0x80, 0x22, 0x00, 0x87, 0xfc, 0x10, 0x40, 0x41, 0xe1, 0x04, 0x1f, 0x10, 0x55, 0xf9, 0x54,
    0x25, 0x54, 0x95, 0x52, 0x55, 0x49, 0x55, 0x25, 0xd4, 0x84, 0x28, 0x11, 0x98, 0x48, 0x20, 0x08,
    0x41, 0xff, 0xe0, 0x84, 0x0f, 0xfc, 0x20, 0x10, 0xff, 0xc3, 0xff, 0x01, 0x00, 0x7f, 0xf8, 0x4c,
    0x87, 0xff, 0x84, 0xc8, 0x13, 0x60, 0x00, 0x00, 0x08, 0x00, 0x60, 0x01, 0xff, 0x88, 0x40, 0x61,
    0x01, 0x7f, 0xc1, 0x10, 0x04, 0x40, 0x11, 0x01, 0xff, 0xe0, 0x10, 0x00, 0x40, 0x01, 0x00, 0x04,
    0x00, 0x01, 0x00, 0x04, 0x03, 0xff, 0x88, 0x00, 0x2f, 0xf0, 0x81, 0x82, 0x3c, 0x08, 0x60, 0x7f,
    0xf9, 0x82, 0x44, 0x0b, 0x10, 0x20, 0x41, 0x80, 0x1c, 0x00, 0x01, 0x00, 0x04, 0x03, 0xff, 0x88,
    0x00, 0x21, 0x10, 0xa4, 0x42, 0x91, 0x0b, 0x6c, 0x64, 0xa1, 0x92, 0x84, 0x04, 0x10, 0x10, 0x5f,
    0xf9, 0x00, 0x00, 0x01, 0x00, 0x04, 0x03, 0xff, 0x89, 0x08, 0x3f, 0xf8, 0x90, 0x82, 0x42, 0x09,
    0xf8, 0x20, 0x01, 0xff, 0xc6, 0x42, 0x10, 0xf0, 0x47, 0xe1, 0x70, 0xe0, 0x7f, 0xf8, 0x21, 0x00,
    0x84, 0x02, 0x10, 0x08, 0x41, 0xff, 0xe0, 0x84, 0x02, 0x10, 0x18, 0x40, 0x41, 0x03, 0x04, 0x18,
    0x10, 0x40, 0x40, 0x00, 0x01, 0xe4, 0x60, 0x91, 0x02, 0x48, 0x39, 0x41, 0x84, 0x04, 0x7f, 0x90,
    0x50, 0x79, 0x20, 0x24, 0x80, 0x93, 0x02, 0x44, 0x09, 0xd9, 0xcc, 0x00, 0x00, 0x00, 0x03, 0x00,
    0x8c, 0x41, 0x33, 0x04, 0xc8, 0x03, 0x00, 0xff, 0xc0, 0x01, 0x00, 0x04, 0x00, 0x10, 0xff, 0xc0,
    0x01, 0x00, 0x04, 0x3f, 0xf0, 0x00, 0x40, 0x10, 0x00, 0xc3, 0x06, 0x7f, 0x90, 0x30, 0x10, 0xc0,
    0xdf, 0xf3, 0x03, 0x1c, 0x0c, 0x17, 0xf8, 0x48, 0xc1, 0x33, 0x04, 0x4c, 0x10, 0x30, 0x43, 0x80,
    0x00, 0x00, 0x18, 0x00, 0x30, 0x00, 0x60, 0x08, 0x80, 0x20, 0x42, 0x81, 0x1a, 0x06, 0x68, 0x09,
    0x20, 0x24, 0x82, 0x92, 0x08, 0x08, 0x60, 0x3f, 0x00, 0x02, 0x00, 0x0c, 0x07, 0xff, 0x84, 0x00,
    0x10, 0x00, 0x40, 0x01, 0xff, 0x00, 0x00, 0x03, 0x00, 0xa4, 0x42, 0x89, 0x92, 0x0a, 0x48, 0x28,
    0x3f, 0x00, 0x20, 0x80, 0x81, 0x03, 0x04, 0x1f, 0xff, 0x6b, 0x01, 0x8c, 0x0a, 0x30, 0x08, 0xc0,
    0x23, 0x00, 0x8c, 0x02, 0x30, 0x08, 0xc0, 0x21, 0xf8, 0x80, 0x00, 0x00, 0x00, 0x0c, 0x01, 0xfe,
    0x04, 0x08, 0x10, 0x20, 0x7f, 0x81, 0x02, 0x07, 0xf8, 0x10, 0x20, 0x7f, 0x80, 0x20, 0x0a, 0x44,
    0x68, 0x39, 0x21, 0xa0, 0xfc, 0x00, 0x10, 0x00, 0x47, 0xe7, 0xf0, 0x84, 0x7e, 0x39, 0x08, 0xf7,
    0xe5, 0x10, 0x84, 0x42, 0x11, 0xf8, 0x08, 0x42, 0x91, 0x1a, 0x02, 0x48, 0x48, 0x3f, 0x00, 0x00,
    0x80, 0x02, 0xc0, 0x09, 0x0f, 0xfe, 0x20, 0x80, 0x82, 0x43, 0xe9, 0x09, 0xac, 0x24, 0xe0, 0x91,
    0x86, 0x44, 0x17, 0x3a, 0x43, 0x29, 0x08, 0x60, 0x00, 0x00, 0x02, 0x80, 0xfa, 0xc7, 0x89, 0x02,
    0x22, 0x08, 0x81, 0xff, 0xe0, 0x88, 0x02, 0x34, 0x1e, 0xf1, 0xe1, 0x80, 0x8c, 0x02, 0x7b, 0x0b,
    0x28, 0xe0, 0x60, 0x00, 0xf0, 0xfe, 0x00, 0x30, 0x00, 0xc0, 0x3f, 0xf8, 0x0c, 0x00, 0x30, 0x00,
    0xc0, 0x7f, 0xf8, 0x0c, 0x00, 0x30, 0x00, 0xc0, 0x03, 0x00, 0x38, 0x00, 0x30, 0x00, 0xdf, 0xe3,
    0x11, 0x1e, 0x68, 0x30, 0xc0, 0xce, 0xc3, 0x61, 0x8e, 0x10, 0x73, 0xf0, 0xc1, 0x03, 0x7f, 0x8c,
    0x10, 0x30, 0x41, 0x81, 0x00, 0x20, 0x40, 0x81, 0x02, 0x3f, 0x9e, 0x10, 0x30, 0x40, 0x9f, 0xe2,
    0x01, 0x0e, 0x04, 0x77, 0xf8, 0x80, 0x42, 0x11, 0x08, 0x64, 0x20, 0x11, 0x81, 0x80, 0x30, 0x40,
    0xc1, 0x03, 0x3f, 0x9e, 0x10, 0x30, 0x40, 0xdf, 0xe3, 0x00, 0x0e, 0x10, 0x70, 0x40, 0xdf, 0xe3,
    0x04, 0x0c, 0x10, 0x3f, 0xfd, 0x80, 0x00, 0x12, 0x00, 0x48, 0xc1, 0x3e, 0x1e, 0x82, 0x12, 0x08,
    0x4f, 0xe1, 0x00, 0x0e, 0xfe, 0xf2, 0x08, 0x48, 0x21, 0x3f, 0x84, 0x82, 0x33, 0xf9, 0x88, 0x20,
    0x20, 0x80, 0xc1, 0x03, 0x7f, 0x8d, 0x02, 0x7c, 0x88, 0xc6, 0x03, 0x7f, 0x8e, 0x44, 0x73, 0x30,
    0xcc, 0x83, 0x1e, 0x0c, 0x38, 0x33, 0x99, 0x98, 0x20, 0x21, 0x00, 0x87, 0xc2, 0x22, 0x1f, 0x98,
    0x27, 0xf0, 0x8b, 0x42, 0x2d, 0x0e, 0xb4, 0x67, 0xf8, 0x83, 0x02, 0x1e, 0x08, 0xc8, 0x26, 0x19,
    0xb0, 0x20, 0x00, 0x00, 0x82, 0x02, 0x7f, 0x88, 0x00, 0x79, 0x30, 0x84, 0x82, 0x7f, 0x88, 0x20,
    0x39, 0x83, 0x9f, 0xf2, 0x33, 0x08, 0xc8, 0x21, 0xe0, 0x8f, 0xc6, 0x60, 0x80, 0x21, 0x40, 0x8d,
    0x02, 0x22, 0x1e, 0xfe, 0x26, 0x40, 0xb9, 0x02, 0xbf, 0x8e, 0x90, 0x72, 0x40, 0x8f, 0xe2, 0x24,
    0x08, 0x90, 0x23, 0xf9, 0x88, 0x00, 0x20, 0x00, 0x8f, 0xc2, 0x21, 0x3e, 0xfc, 0x22, 0x10, 0x8f,
    0xc2, 0x00, 0x0f, 0xfe, 0x72, 0xc0, 0x8b, 0xc2, 0x6c, 0x09, 0xf0, 0x25, 0xc1, 0xa3, 0xe0, 0x00,
    0x00, 0x20, 0x10, 0x8f, 0x82, 0x04, 0x1e, 0x10, 0x27, 0xf8, 0x81, 0x02, 0x37, 0x8f, 0x92, 0x64,
    0x48, 0x9d, 0xe2, 0x44, 0x89, 0x12, 0x27, 0xf9, 0x80, 0x20, 0x20, 0x70, 0x9f, 0x02, 0x2d, 0x1e,
    0xbc, 0x27, 0xf8, 0x87, 0x83, 0xbd, 0x0f, 0xb2, 0xe7, 0xf8, 0x8a, 0x22, 0x3f, 0x88, 0xa2, 0x23,
    0xf9, 0x88, 0x00, 0x03, 0x00, 0x0c, 0x07, 0xff, 0x80, 0xc0, 0x03, 0x00, 0x0c, 0x03, 0xff, 0x04,
    0x08, 0x08, 0x60, 0x33, 0x00, 0x78, 0x01, 0xe0, 0x3c, 0xf1, 0x80, 0x60, 0x00, 0x80, 0x32, 0x04,
    0xd8, 0x13, 0x7e, 0x4d, 0x11, 0x3e, 0x44, 0xe9, 0x13, 0x2c, 0x4c, 0xe1, 0xf1, 0x86, 0xc6, 0x03,
    0x2c, 0x0d, 0x98, 0x38, 0x20, 0x00, 0x81, 0xf2, 0x00, 0x48, 0x01, 0x7e, 0x05, 0x91, 0xfe, 0x44,
    0x29, 0x10, 0x38, 0x40, 0x61, 0x01, 0x84, 0xc6, 0x1e, 0x2c, 0x43, 0x18, 0x08, 0x20, 0x10, 0xc0,
    0x42, 0x01, 0x08, 0x1f, 0xbf, 0x21, 0x90, 0x86, 0x43, 0xf9, 0x09, 0xb4, 0x24, 0x60, 0x91, 0x82,
    0x46, 0x19, 0x3c, 0x45, 0x99, 0x6c, 0x20, 0x08, 0x41, 0xab, 0x02, 0xc8, 0x1f, 0xbe, 0x1c, 0x90,
    0xee, 0x44, 0x95, 0x04, 0x14, 0x7e, 0x60, 0x90, 0x83, 0x46, 0x07, 0x34, 0x35, 0x99, 0x0c, 0x20,
    0x00, 0x41, 0xfb, 0x00, 0x8f, 0x9f, 0xe4, 0x7f, 0x50, 0x71, 0x87, 0xa7, 0x10, 0x62, 0x3f, 0xf8,
    0x0c, 0x01, 0x3f, 0x04, 0xc0, 0x13, 0x01, 0xff, 0xe0, 0x02, 0x00, 0x0c, 0x00, 0x10, 0x1f, 0xfe,
    0x10, 0x20, 0x61, 0x80, 0x84, 0x01, 0x30, 0x07, 0x80, 0x0c, 0x00, 0x78, 0x03, 0x30, 0x70, 0x39,
    0x00, 0x20, 0x10, 0x11, 0x54, 0x45, 0x4d, 0x15, 0x14, 0x10, 0x11, 0xfc, 0x43, 0x09, 0x0e, 0x04,
    0x3c, 0x39, 0x57, 0xe5, 0x21, 0x04, 0x04, 0x10, 0x10, 0x40, 0x40, 0x10, 0x10, 0x63, 0xc7, 0xe8,
    0x09, 0x20, 0x24, 0x81, 0xff, 0xe1, 0x89, 0x06, 0x24, 0x7f, 0x90, 0xf6, 0x45, 0xf1, 0x16, 0xc4,
    0x19, 0x10, 0xc0, 0x40, 0x3f, 0xf8, 0x08, 0x00, 0x20, 0x00, 0x80, 0x02, 0x01, 0xff, 0xe0, 0x30,
    0x01, 0x40, 0x05, 0x00, 0x34, 0x01, 0x90, 0x8c, 0x42, 0x61, 0xf8, 0x00, 0x00, 0x3f, 0xf0, 0xc0,
    0xc3, 0x03, 0x0c, 0x0c, 0x30, 0x30, 0xff, 0xc3, 0x03, 0x0c, 0x0c, 0x30, 0x30, 0xc0, 0xc3, 0x03,
    0x0f, 0xfc, 0x30, 0x10, 0x00, 0x11, 0xf0, 0x44, 0xc1, 0x13, 0xff, 0x4c, 0x11, 0x30, 0x47, 0xd1,
    0x13, 0x64, 0x4c, 0x91, 0x30, 0x47, 0xc1, 0x10, 0x04, 0x40, 0x10, 0x03, 0x80, 0x3f, 0xf0, 0x80,
    0x43, 0xff, 0x08, 0x04, 0x3f, 0xf0, 0x40, 0x03, 0x30, 0x0f, 0xfc, 0x43, 0x00, 0x7f, 0xc0, 0x30,
    0x00, 0xc0, 0x7f, 0xf8, 0x3f, 0xf0, 0x80, 0x43, 0xff, 0x08, 0x04, 0x20, 0x10, 0xff, 0xc0, 0x48,
    0x09, 0x24, 0x34, 0xb0, 0x52, 0x80, 0x48, 0x3f, 0xff, 0x10, 0x11, 0xfb, 0xc2, 0x08, 0x1a, 0x3e,
    0x7f, 0x90, 0x26, 0x47, 0x91, 0x02, 0x44, 0x3f, 0xf0, 0x80, 0x43, 0xff, 0x08, 0x04, 0x3f, 0xf0,
    0x80, 0x40, 0x04, 0x00, 0x10, 0x07, 0xff, 0x82, 0x00, 0x08, 0x00, 0x7f, 0xc3, 0x83, 0x1f, 0xfc,
    0x58, 0x30, 0x60, 0xc1, 0xff, 0x06, 0x0c, 0x18, 0x30, 0x23, 0x80, 0x20, 0x00, 0x93, 0xe7, 0xe8,
    0x89, 0x22, 0x3c, 0xf8, 0x92, 0x22, 0x48, 0x8f, 0x22, 0x24, 0xf8, 0x92, 0x2f, 0xf8, 0x89, 0x22,
    0x67, 0x09, 0x04, 0xe0, 0x00, 0x00, 0x02, 0x00, 0x0c, 0x00, 0x30, 0x0f, 0xfc, 0x03, 0x00, 0x0c,
    0x07, 0xff, 0x81, 0xe0, 0x07, 0x80, 0x2d, 0x01, 0x32, 0x18, 0xc6, 0x43, 0x08, 0x0c, 0x00, 0x03,
    0x00, 0x0c, 0x00, 0x30, 0x1f, 0xfe, 0x07, 0x80, 0x3e, 0x00, 0xb4, 0x06, 0xd8, 0x13, 0x20, 0x8c,
    0x45, 0xfe, 0x80, 0xc0, 0x03, 0x00, 0x0c, 0x00, 0x10, 0x00, 0x47, 0xc1, 0x11, 0x1f, 0x44, 0x11,
    0x10, 0xc4, 0x43, 0x91, 0x0f, 0x44, 0x55, 0x11, 0x44, 0x49, 0x21, 0x44, 0x85, 0x16, 0x14, 0x50,
    0x60, 0x00, 0x00, 0x0c, 0x07, 0xff, 0x80, 0xc0, 0x13, 0x20, 0x6c, 0x80, 0xb4, 0x1f, 0xfe, 0x07,
    0x80, 0x3f, 0x01, 0xb6, 0x0c, 0xcc, 0x63, 0x18, 0x0c, 0x00, 0x10, 0x18, 0x4f, 0xc1, 0x20, 0x1e,
    0x80, 0x32, 0x00, 0xcf, 0xe3, 0xb9, 0x0e, 0xa4, 0x52, 0x91, 0x49, 0x81, 0x66, 0x05, 0x38, 0x15,
    0x98, 0x6c, 0x20, 0x03, 0x00, 0x0c, 0x07, 0xff, 0x81, 0xe0, 0x0b, 0x40, 0xcc, 0xc6, 0x01, 0x87,
    0xf8, 0x10, 0x20, 0x7f, 0x81, 0xfe, 0x00, 0x00, 0x7f, 0xf8, 0x02, 0x01, 0xff, 0xe4, 0x00, 0x91,
    0x02, 0x7f, 0xf8, 0x61, 0x01, 0xfc, 0x00, 0x0c, 0x03, 0x01, 0xff, 0xe0, 0x78, 0x06, 0xd8, 0x73,
    0x39, 0x0c, 0x20, 0x10, 0x40, 0x49, 0x21, 0x25, 0x1e, 0xd4, 0x30, 0x50, 0xc1, 0x03, 0xff, 0x8e,
    0x02, 0x70, 0x09, 0x4f, 0xe9, 0x00, 0x84, 0x02, 0x17, 0xf8, 0x40, 0x20, 0x10, 0x40, 0x41, 0x07,
    0xff, 0x8e, 0x38, 0x35, 0xd1, 0x45, 0x20, 0x20, 0x03, 0xf8, 0x18, 0x20, 0xb1, 0x00, 0x7c, 0x00,
    0xc0, 0x1c, 0x01, 0xc0, 0x00, 0x21, 0x20, 0xdf, 0xe3, 0x12, 0x1e, 0x48, 0x33, 0xf8, 0xc8, 0x63,
    0xbf, 0x9f, 0xfe, 0x70, 0xc1, 0xc2, 0x03, 0x7f, 0x8c, 0x78, 0x33, 0x30, 0x90, 0x20, 0x02, 0x01,
    0x08, 0x06, 0x20, 0x05, 0xfe, 0x04, 0x08, 0x12, 0x40, 0x89, 0x04, 0x20, 0x11, 0xc0, 0x87, 0x06,
    0x36, 0x10, 0x88, 0x0c, 0x18, 0x20, 0x20, 0x01, 0x00, 0x44, 0x01, 0x1f, 0x04, 0x40, 0x11, 0x01,
    0xff, 0xe0, 0x30, 0x06, 0xcc, 0x13, 0x20, 0x8d, 0x00, 0x18, 0x01, 0xc0, 0x3c, 0x01, 0x80, 0x00,
    0x00, 0x00, 0x08, 0x07, 0xff, 0x80, 0x00, 0x1f, 0xf0, 0x40, 0xc1, 0xfe, 0x1f, 0xfe, 0x40, 0x49,
    0x7e, 0x20, 0x2f, 0x0f, 0xc0, 0x3f, 0xf8, 0x08, 0x20, 0x1f, 0x80, 0x10, 0x00, 0x40, 0x01, 0xff,
    0x88, 0x00, 0x7f, 0xf1, 0x00, 0x03, 0xfe, 0x00, 0x08, 0x00, 0x20, 0x00, 0x80, 0x02, 0x00, 0x0c,
    0x00, 0x18, 0x00, 0x60, 0x00, 0x80, 0xc2, 0x00, 0xff, 0x80, 0x20, 0x44, 0x81, 0x92, 0x62, 0x49,
    0x81, 0x26, 0x04, 0x98, 0x5f, 0xe2, 0x09, 0x88, 0x20, 0x60, 0x89, 0x03, 0xe0, 0x00, 0x01, 0x8f,
    0x81, 0x22, 0x00, 0x88, 0x02, 0x21, 0x90, 0xe2, 0x80, 0x01, 0xfc, 0x02, 0x10, 0x4c, 0x82, 0x1c,
    0x08, 0x70, 0x47, 0x71, 0x30, 0x60, 0x00, 0x80, 0xc2, 0x01, 0x08, 0x01, 0xfe, 0x00, 0x81, 0x82,
    0x03, 0x08, 0x01, 0xfe, 0x00, 0x80, 0x44, 0x01, 0x32, 0x08, 0x84, 0x67, 0xf9, 0x00, 0x20, 0x00,
    0x09, 0x88, 0x23, 0x22, 0x83, 0xfa, 0x01, 0x29, 0x24, 0xa2, 0x52, 0x81, 0x8a, 0x02, 0x28, 0x8c,
    0xa2, 0x50, 0x9b, 0x62, 0x48, 0x08, 0x00, 0xe0, 0x00, 0x00, 0xff, 0xe0, 0xc0, 0x80, 0x58, 0x02,
    0x31, 0x98, 0x42, 0x48, 0x03, 0xfe, 0x01, 0xc0, 0xcf, 0x82, 0x2b, 0x09, 0x26, 0x48, 0x88, 0x02,
    0x00, 0x00, 0x00, 0xdf, 0xc1, 0x41, 0x01, 0xfc, 0x44, 0x11, 0x9f, 0xc0, 0x00, 0x01, 0x10, 0x14,
    0x48, 0x5f, 0xc3, 0x46, 0x09, 0x10, 0x47, 0xcc, 0x11, 0xe0, 0x10, 0x00, 0x4f, 0xf1, 0x02, 0x15,
    0x08, 0x54, 0x21, 0x60, 0x85, 0x02, 0x04, 0x08, 0x10, 0x20, 0x60, 0x82, 0xc2, 0x09, 0x08, 0x60,
    0x21, 0x07, 0x80, 0x00, 0x00, 0x00, 0x00, 0x41, 0x41, 0xe5, 0x8c, 0x92, 0x3f, 0xf9, 0x31, 0x82,
    0x46, 0x06, 0x38, 0x10, 0x90, 0xc4, 0x64, 0x20, 0x80, 0x00, 0x24, 0x91, 0x92, 0x24, 0x40, 0x80,
    0x7b, 0xf9, 0x22, 0x24, 0x88, 0x9f, 0xcc, 0x4c, 0x01, 0x2f, 0xe4, 0xa1, 0x9e, 0x86, 0x43, 0xf8,
    0x00, 0x42, 0x49, 0x19, 0x22, 0x44, 0x08, 0x00, 0x80, 0xc6, 0x03, 0x18, 0x0c, 0x60, 0x3f, 0xf8,
    0xc0, 0x03, 0x00, 0x0c, 0x00, 0x3f, 0xe0, 0x81, 0x82, 0x06, 0x08, 0x18, 0x40, 0x61, 0x01, 0x80,
    0x3f, 0xf8, 0x01, 0x01, 0x04, 0x0c, 0x10, 0x20, 0x40, 0xff, 0xe0, 0x1c, 0x00, 0xd0, 0x06, 0x40,
    0x31, 0x03, 0x04, 0x18, 0x10, 0x01, 0xc0, 0x11, 0x01, 0x44, 0x05, 0x10, 0x1f, 0xfe, 0x52, 0xb9,
    0x5a, 0xa1, 0x4a, 0x87, 0x4a, 0x71, 0x48, 0x49, 0x21, 0x08, 0x84, 0x22, 0x11, 0x18, 0x49, 0xc0,
    0x00, 0x00, 0x7b, 0xf8, 0xc0, 0x03, 0x00, 0x0c, 0x00, 0x30, 0x01, 0xff, 0xe3, 0x12, 0x0c, 0x48,
    0x31, 0x20, 0xf4, 0x87, 0x22, 0x41, 0x8b, 0x0c, 0x38, 0x7b, 0xf8, 0x89, 0x22, 0x24, 0x88, 0xfe,
    0x7a, 0x48, 0x89, 0x22, 0x3f, 0x88, 0x10, 0x37, 0xf8, 0xe1, 0x04, 0x04, 0x03, 0xff, 0x3f, 0xf0,
    0x8c, 0x42, 0x31, 0x08, 0xc4, 0x3f, 0xf0, 0x8c, 0x42, 0x31, 0x0f, 0xfc, 0x23, 0x10, 0x8c, 0x46,
    0x31, 0x10, 0xc4, 0x41, 0x70, 0x00, 0x00, 0x02, 0x00, 0x08, 0x03, 0xff, 0x08, 0x84, 0x22, 0x10,
    0x88, 0x43, 0xff, 0x08, 0x84, 0x22, 0x10, 0xff, 0xc2, 0x20, 0x00, 0x82, 0x03, 0x08, 0x07, 0xe0,
    0x7f, 0xf8, 0x00, 0x00, 0x00, 0x07, 0xf0, 0x5a, 0x49, 0x69, 0x25, 0xfc, 0x96, 0x92, 0x5a, 0x49,
    0x3f, 0x24, 0x00, 0x9f, 0xfe, 0x00, 0x08, 0x0c, 0x00, 0xe7, 0xe6, 0x0c, 0x9b, 0x22, 0x64, 0x89,
    0xfe, 0x66, 0x33, 0x00, 0x00, 0x3f, 0xf0, 0x8c, 0x43, 0xff, 0x08, 0xc4, 0x3f, 0xf0, 0x80, 0x40,
    0x02, 0x00, 0x08, 0x00, 0x20, 0x0f, 0xfc, 0x20, 0x10, 0x80, 0x42, 0x01, 0x0f, 0xfc, 0x20, 0x10,
    0x80, 0x42, 0x01, 0x08, 0x04, 0x3f, 0xf0, 0x80, 0x40, 0x10, 0x80, 0x42, 0x07, 0xdf, 0x91, 0x42,
    0x45, 0x09, 0x1c, 0x24, 0x48, 0x9f, 0x32, 0x44, 0x49, 0x10, 0x24, 0x41, 0x9f, 0x06, 0x40, 0x10,
    0x01, 0xc0, 0x00, 0x70, 0xfe, 0x00, 0x60, 0x0f, 0xfc, 0x04, 0x01, 0xff, 0xe0, 0x80, 0x07, 0xfc,
    0x38, 0x11, 0xbf, 0xc0, 0xff, 0x02, 0x04, 0x0f, 0xf0, 0x20, 0x40, 0x7b, 0xf9, 0x28, 0x24, 0xa0,
    0x9e, 0xfe, 0x4a, 0x41, 0x29, 0x07, 0xbf, 0x92, 0x90, 0x4a, 0x21, 0xe8, 0x84, 0x22, 0x50, 0xfe,
    0x07, 0x18, 0x00, 0x00, 0x7b, 0xf9, 0x28, 0x64, 0xa1, 0x9e, 0xfe, 0x4a, 0x19, 0x2f, 0xe7, 0xa4,
    0x12, 0x96, 0x4a, 0x71, 0xe8, 0x84, 0x23, 0x10, 0xe6, 0x02, 0x08, 0x00, 0x41, 0xff, 0xe4, 0x84,
    0x12, 0xfe, 0x78, 0x41, 0x3f, 0xe4, 0x80, 0x1e, 0xfc, 0x4a, 0x11, 0x2f, 0xc7, 0xa1, 0x10, 0xfc,
    0x42, 0x10, 0x08, 0xc0, 0x01, 0x81, 0xf7, 0xc2, 0x12, 0x08, 0x98, 0x27, 0xf8, 0x89, 0x27, 0xbf,
    0x9a, 0x92, 0x6a, 0x48, 0xaf, 0xe2, 0xa4, 0x8e, 0x92, 0x24, 0x48, 0x11, 0x60, 0x3f, 0xf0, 0x00,
    0x00, 0x00, 0x00, 0x00, 0x7f, 0xf8, 0x0c, 0x00, 0x30, 0x04, 0xc8, 0x33, 0x30, 0x8c, 0x44, 0x31,
    0x90, 0xc2, 0x0e, 0x00, 0x08, 0x41, 0xe1, 0x01, 0x05, 0x04, 0x54, 0x7f, 0x48, 0x49, 0x23, 0xa4,
    0x0f, 0x10, 0x50, 0x51, 0x40, 0xc1, 0x02, 0x04, 0x30, 0x13, 0x80, 0x58, 0x00, 0x10, 0x80, 0xfb,
    0xe6, 0x92, 0x12, 0x48, 0x3f, 0xf0, 0x0c, 0x40, 0x31, 0x0f, 0xfc, 0x23, 0x00, 0xff, 0xe0, 0x71,
    0x82, 0xc4, 0x33, 0x71, 0x08, 0x00, 0x20, 0x80, 0xff, 0xe5, 0x14, 0x12, 0xc8, 0x03, 0x00, 0xff,
    0xc0, 0x30, 0x1f, 0xfe, 0x00, 0x41, 0xff, 0xe1, 0x04, 0x03, 0x10, 0x04, 0x40, 0x07, 0x00, 0x10,
    0x80, 0xfb, 0xe2, 0x92, 0x12, 0x48, 0x20, 0x00, 0x5f, 0xe6, 0x01, 0x9b, 0xf6, 0x68, 0x59, 0xbf,
    0x66, 0x85, 0x9b, 0xf6, 0x60, 0x19, 0x80, 0xc0, 0x20, 0x80, 0xfb, 0xe4, 0x92, 0x12, 0x88, 0x7f,
    0xf9, 0x80, 0x21, 0xfe, 0x84, 0x08, 0x1f, 0xe0, 0x40, 0x01, 0xff, 0x04, 0x04, 0x1f, 0xf0, 0x40,
    0x40, 0x20, 0x80, 0xff, 0xe4, 0xb6, 0x04, 0x10, 0x7e, 0xf0, 0x42, 0xc7, 0xff, 0x95, 0xc2, 0x55,
    0x29, 0xf4, 0xa3, 0xd6, 0x9d, 0x98, 0x50, 0xd8, 0x4c, 0x20, 0x00, 0xf0, 0xfe, 0x00, 0x40, 0x03,
    0x10, 0x18, 0x80, 0xfc, 0x00, 0x62, 0x06, 0x1c, 0x3f, 0xd8, 0x04, 0x21, 0x96, 0x0c, 0x4c, 0x63,
    0x18, 0x18, 0x00, 0x10, 0x80, 0x46, 0x03, 0x10, 0x08, 0x7e, 0x4b, 0x09, 0xe8, 0x21, 0x10, 0x88,
    0x22, 0x7c, 0x49, 0xc1, 0x20, 0x00, 0x87, 0x06, 0x70, 0x10, 0x01, 0xc0, 0x10, 0x80, 0x42, 0xc3,
    0x08, 0x08, 0x7e, 0x6b, 0xc1, 0xe2, 0x01, 0x0f, 0x88, 0xf0, 0x78, 0x49, 0xc1, 0x40, 0x06, 0x0e,
    0x38, 0x63, 0xa8, 0x08, 0x60, 0x10, 0x80, 0x46, 0x03, 0x1f, 0x88, 0xc4, 0x4e, 0xb1, 0xe3, 0x81,
    0x1f, 0x09, 0xc6, 0x79, 0xf9, 0x0c, 0x60, 0x31, 0x8e, 0xc6, 0x63, 0xf8, 0x00, 0x00, 0x10, 0xc0,
    0x41, 0x02, 0x3f, 0x8a, 0x20, 0x49, 0x93, 0xe4, 0x41, 0x3f, 0x88, 0x4a, 0x79, 0x21, 0x84, 0x80,
    0x12, 0x06, 0xca, 0x62, 0x28, 0x10, 0xe0, 0x10, 0x40, 0x4f, 0xc2, 0x04, 0x0a, 0x10, 0x4b, 0xf9,
    0xc1, 0x21, 0x1d, 0x08, 0x90, 0x79, 0x41, 0x1f, 0xe0, 0x88, 0x1c, 0x6c, 0x43, 0x18, 0x18, 0x20,
    0x7f, 0xf9, 0x00, 0x24, 0x22, 0x95, 0x52, 0x55, 0xc9, 0x33, 0x24, 0xcc, 0x93, 0x32, 0x4a, 0xa9,
    0x44, 0xa7, 0x30, 0x90, 0x02, 0x40, 0x78, 0x3f, 0xf8, 0x92, 0x63, 0xff, 0x1f, 0xfe, 0x02, 0x00,
    0x7f, 0x81, 0x02, 0x07, 0xf8, 0x1f, 0xe0, 0x40, 0x81, 0xfe, 0x04, 0x08, 0x7f, 0xf8, 0x02, 0x00,
    0x08, 0x03, 0xff, 0x08, 0x04, 0x20, 0x10, 0x80, 0x43, 0xff, 0x08, 0x04, 0x20, 0x10, 0xff, 0xc2,
    0x01, 0x08, 0x04, 0x3f, 0xf0, 0x80, 0x40, 0x08, 0x41, 0xff, 0xe0, 0x84, 0x02, 0x7c, 0x7f, 0x00,
    0x88, 0x43, 0x23, 0x04, 0x08, 0x03, 0x01, 0xff, 0xe0, 0x78, 0x06, 0xd8, 0x73, 0x39, 0x0c, 0x00,
    0x08, 0x41, 0xff, 0xe0, 0x84, 0x02, 0x20, 0x2c, 0xf8, 0xb5, 0x02, 0xd6, 0x0b, 0x08, 0x00, 0x00,
    0xff, 0xc2, 0x49, 0x09, 0x24, 0x24, 0x91, 0xff, 0xe0, 0x10, 0x00, 0xcf, 0xe6, 0x00, 0x12, 0x00,
    0x18, 0x00, 0x5f, 0xe3, 0x02, 0x1c, 0x08, 0x10, 0x20, 0x40, 0x81, 0x02, 0x04, 0x08, 0x10, 0x20,
    0x43, 0x80, 0x03, 0x01, 0xff, 0xe0, 0x30, 0x00, 0xc0, 0x3f, 0xf0, 0x0c, 0x07, 0xff, 0x81, 0x40,
    0x18, 0x91, 0xe3, 0x84, 0x84, 0x02, 0x4c, 0x1e, 0x18, 0x60, 0x00, 0x00, 0x80, 0xb2, 0x02, 0xdf,
    0x8b, 0x50, 0x2f, 0x20, 0x00, 0x41, 0xfe, 0x04, 0x0c, 0x13, 0x30, 0x48, 0xc1, 0x32, 0x01, 0xc2,
    0x19, 0x89, 0x83, 0xe0, 0x02, 0x00, 0x04, 0x07, 0xff, 0x80, 0x00, 0x00, 0x00, 0x7f, 0x80, 0x00,
    0x07, 0xf8, 0x00, 0x00, 0x7f, 0x81, 0x02, 0x04, 0x08, 0x1f, 0xe0, 0x40, 0x80, 0x00, 0x40, 0xc1,
    0x01, 0x84, 0x00, 0x10, 0x00, 0x41, 0xc3, 0x01, 0x0c, 0x04, 0x30, 0x10, 0xe0, 0x42, 0x81, 0x52,
    0x06, 0x44, 0x32, 0x18, 0x18, 0x20, 0x00, 0x00, 0xcf, 0xe1, 0x81, 0x80, 0x06, 0x70, 0x18, 0x40,
    0x61, 0x3f, 0x84, 0x86, 0x12, 0x00, 0x48, 0x01, 0x20, 0x07, 0x82, 0x12, 0x08, 0x8f, 0xe0, 0x00,
    0x00, 0x87, 0x81, 0x12, 0x00, 0x48, 0x03, 0x21, 0xd8, 0x61, 0x00, 0x05, 0xfe, 0x12, 0x10, 0x44,
    0xc1, 0x1e, 0x0e, 0x30, 0x33, 0xf0, 0x18, 0x60, 0x00, 0x00, 0x9f, 0xe1, 0x04, 0x00, 0x10, 0x00,
    0x41, 0xc9, 0x01, 0x24, 0x04, 0x9e, 0x12, 0x40, 0x49, 0x01, 0x24, 0x06, 0x90, 0x27, 0xfc, 0x00,
    0x00, 0x00, 0x50, 0xc1, 0xe1, 0x06, 0x81, 0xfe, 0x00, 0x61, 0xc1, 0x81, 0x02, 0x05, 0xe8, 0x11,
    0x20, 0x44, 0x81, 0x12, 0x06, 0xe9, 0x36, 0x18, 0x00, 0x60, 0x00, 0x00, 0x00, 0x00, 0x9f, 0xe3,
    0x08, 0x01, 0xfc, 0x01, 0x11, 0xc4, 0x41, 0x11, 0x07, 0xfe, 0x10, 0x00, 0x4f, 0xe1, 0x61, 0x8f,
    0x86, 0x33, 0xf8, 0x08, 0x00, 0x00, 0x40, 0x9f, 0xe1, 0x04, 0x00, 0xfe, 0x00, 0x41, 0xdf, 0xe1,
    0x00, 0x04, 0xfc, 0x12, 0x10, 0x4f, 0xc1, 0x21, 0x06, 0xfc, 0x32, 0x10, 0x08, 0xc0, 0x00, 0xc0,
    0xcf, 0xe1, 0x0c, 0x00, 0x30, 0x07, 0xfb, 0xc1, 0x21, 0x15, 0x05, 0x90, 0x11, 0x40, 0x5f, 0xe1,
    0x88, 0x06, 0x6c, 0x33, 0x18, 0x10, 0x20, 0x00, 0x00, 0x9f, 0xe1, 0x40, 0x81, 0x7a, 0x04, 0x49,
    0xd1, 0x21, 0x5e, 0x85, 0x02, 0x15, 0xe8, 0x54, 0xa1, 0x52, 0x8f, 0x7a, 0x38, 0x08, 0x20, 0xe0,
    0x00, 0x01, 0xf2, 0x04, 0x48, 0x15, 0x3e, 0x55, 0x91, 0x54, 0x45, 0x79, 0x15, 0x24, 0x54, 0xe1,
    0x51, 0x81, 0x06, 0x0b, 0x3c, 0x65, 0x99, 0x04, 0x20, 0x03, 0x00, 0xcf, 0xe0, 0x49, 0x81, 0x34,
    0x39, 0x61, 0x98, 0xe0, 0x40, 0x87, 0xfc, 0x30, 0x30, 0xc8, 0xc3, 0x23, 0x01, 0x70, 0x18, 0x71,
    0x80, 0x20, 0x10, 0x00, 0x47, 0xe7, 0xe0, 0x84, 0x02, 0x10, 0x09, 0xfb, 0xe0, 0x88, 0x12, 0x20,
    0x4e, 0x81, 0x22, 0x36, 0x88, 0x9e, 0x3e, 0x58, 0x03, 0x3f, 0xe0, 0x00, 0x00, 0x00, 0xa1, 0xe2,
    0x84, 0xea, 0x92, 0xaa, 0x7b, 0xb0, 0x42, 0x81, 0x0a, 0x16, 0x6c, 0x53, 0xb9, 0x54, 0xa5, 0x12,
    0x1e, 0xc8, 0x42, 0x2c, 0x10, 0xe0, 0x02, 0x00, 0x08, 0x01, 0xfe, 0x04, 0x08, 0x1f, 0xe0, 0x40,
    0x81, 0xff, 0x84, 0x0c, 0x7f, 0xe0, 0x03, 0x80, 0x32, 0x01, 0x88, 0x38, 0x21, 0x87, 0x80, 0x00,
    0x00, 0x08, 0xc1, 0xff, 0x40, 0x84, 0x1f, 0xfe, 0x10, 0x40, 0x41, 0x27, 0xf5, 0x09, 0x14, 0x7f,
    0x70, 0x11, 0x80, 0x56, 0x1f, 0xda, 0x44, 0xb8, 0x14, 0x60, 0x00, 0x00, 0x00, 0x21, 0x80, 0x83,
    0x02, 0x05, 0xfe, 0x00, 0x20, 0x00, 0x87, 0x22, 0x04, 0x48, 0x10, 0x20, 0x40, 0x83, 0x0e, 0x1e,
    0x00, 0x47, 0xf8, 0x00, 0x00, 0x00, 0x11, 0x9f, 0xc3, 0x40, 0x01, 0x00, 0x07, 0xf0, 0x10, 0x47,
    0x51, 0x0d, 0x28, 0x34, 0x60, 0xf3, 0xc3, 0xb1, 0x9e, 0x00, 0x4f, 0xf8, 0x00, 0x00, 0x00, 0x00,
    0xbf, 0xe1, 0x0c, 0x00, 0x20, 0x01, 0x81, 0xce, 0x83, 0x69, 0x0f, 0x26, 0x38, 0x88, 0xc2, 0x03,
    0x08, 0x0c, 0x20, 0x7c, 0x01, 0x1f, 0xe0, 0x00, 0x00, 0x00, 0x00, 0x02, 0x06, 0x08, 0x0b, 0xfe,
    0x00, 0x20, 0x10, 0x80, 0x62, 0x1c, 0xd0, 0x31, 0xc0, 0xc7, 0x03, 0x32, 0x0f, 0x84, 0x38, 0x01,
    0xe0, 0x04, 0x7f, 0x80, 0x00, 0x00, 0x21, 0x84, 0x83, 0x12, 0x01, 0xfe, 0x01, 0x21, 0xc4, 0x81,
    0x12, 0x05, 0xfe, 0x12, 0x20, 0x48, 0x81, 0x62, 0x1e, 0x00, 0x47, 0xf8, 0x00, 0x00, 0x01, 0x01,
    0x84, 0x03, 0xff, 0x80, 0x80, 0x02, 0x41, 0x9f, 0xe3, 0x04, 0x0c, 0x10, 0x3f, 0xf8, 0xc1, 0x03,
    0x04, 0x0c, 0x10, 0x5c, 0x41, 0x1f, 0xe0, 0x00, 0x00, 0x00, 0x01, 0x9f, 0xc3, 0x61, 0x05, 0xfc,
    0x06, 0x11, 0xdf, 0xc1, 0x60, 0x85, 0xb4, 0x16, 0x60, 0x5a, 0xc1, 0x79, 0x0d, 0x00, 0x7c, 0x01,
    0x1f, 0xe0, 0x42, 0x10, 0x88, 0xc3, 0x12, 0x01, 0xfe, 0x00, 0x81, 0x82, 0x03, 0xff, 0x8c, 0x30,
    0x31, 0xc0, 0xc4, 0x83, 0x21, 0x0d, 0x02, 0x5c, 0x01, 0x1f, 0xe0, 0x00, 0x00, 0x00, 0x81, 0x8b,
    0x03, 0x7f, 0x81, 0x30, 0x00, 0xc0, 0x3f, 0xe7, 0x16, 0x0c, 0x58, 0x33, 0x60, 0xd9, 0xa3, 0xc3,
    0x8c, 0x00, 0x6c, 0x01, 0x1f, 0xe0, 0x00, 0x00, 0x00, 0x01, 0x1f, 0xc2, 0x12, 0x04, 0x30, 0x07,
    0xf8, 0x12, 0x27, 0x7f, 0x85, 0x22, 0x17, 0xf8, 0x52, 0x21, 0x48, 0x8d, 0x0e, 0x4c, 0x01, 0x1f,
    0xe0, 0x00, 0x81, 0x02, 0x02, 0xff, 0x84, 0x20, 0x07, 0xf9, 0x92, 0x27, 0x48, 0x85, 0xfe, 0x11,
    0xc0, 0x4e, 0xc1, 0x69, 0x8d, 0x20, 0x7c, 0x01, 0x1f, 0xe0, 0x7e, 0xf8, 0x60, 0x27, 0xe0, 0x96,
    0x82, 0x5a, 0x09, 0x6b, 0xe6, 0xe8, 0x90, 0xa0, 0x7e, 0x81, 0x0a, 0x04, 0x28, 0xdf, 0xa2, 0x42,
    0xf8, 0x7f, 0xf8, 0xa4, 0x22, 0x9f, 0x9f, 0xc2, 0x6b, 0xf9, 0xaa, 0x86, 0xff, 0x90, 0xc8, 0x7e,
    0x21, 0x0f, 0xe4, 0x22, 0x1f, 0x88, 0x43, 0xfc, 0x3f, 0xf0, 0x8c, 0x42, 0x31, 0x0f, 0xfc, 0x23,
    0x10, 0xff, 0xc0, 0x30, 0x00, 0xc0, 0x3f, 0xf8, 0x0c, 0x00, 0x30, 0x1f, 0xfe, 0x00, 0xf0, 0xfe,
    0x00, 0x30, 0x1f, 0xfe, 0x3f, 0xf0, 0x8c, 0x43, 0xff, 0x08, 0xc4, 0x3f, 0xf0, 0x0c, 0x03, 0xff,
    0x00, 0xc0, 0x7f, 0xf8, 0x1f, 0xe0, 0xc0, 0xc3, 0xff, 0x0f, 0xfc, 0x00, 0x01, 0xff, 0xe3, 0xff,
    0x08, 0xc4, 0x3f, 0xf0, 0xff, 0xc0, 0x30, 0x0f, 0xfc, 0x03, 0x01, 0xff, 0xe0, 0x00, 0x00, 0x81,
    0x03, 0xc4, 0x10, 0x10, 0x43, 0xf8, 0x09, 0x27, 0xe4, 0x84, 0x92, 0x12, 0x49, 0xff, 0xe1, 0x24,
    0x84, 0x10, 0x14, 0x40, 0x61, 0x02, 0x04, 0x00, 0x20, 0x20, 0x9f, 0xe7, 0xa2, 0x90, 0xbe, 0x7a,
    0x28, 0x9f, 0xe2, 0x12, 0x08, 0x7e, 0x7e, 0x20, 0x9b, 0xe2, 0x22, 0x0f, 0xc8, 0x35, 0x80, 0xa1,
    0xe0, 0x00, 0x00, 0x08, 0x00, 0x60, 0x81, 0x84, 0x06, 0x60, 0x1b, 0x00, 0x60, 0x07, 0xff, 0x86,
    0x40, 0x19, 0x80, 0x62, 0x01, 0x84, 0x06, 0x4c, 0x1f, 0x18, 0x40, 0x00, 0x00, 0x00, 0x9f, 0xe1,
    0x00, 0x80, 0x22, 0x40, 0x89, 0x7f, 0xa4, 0x18, 0x90, 0xe2, 0x46, 0x89, 0x32, 0x25, 0x88, 0x90,
    0x22, 0x43, 0x89, 0x00, 0xe0, 0x00, 0x00, 0x00, 0x00, 0x9f, 0xe1, 0x00, 0x90, 0x02, 0x4f, 0xc9,
    0x21, 0x24, 0x84, 0x93, 0xf2, 0x48, 0x49, 0x21, 0x24, 0xfc, 0x90, 0x02, 0x40, 0x09, 0x00, 0xe0,
    0x00, 0x01, 0xe2, 0x04, 0x98, 0x16, 0x7c, 0x53, 0x11, 0x58, 0x85, 0x48, 0x12, 0xde, 0x4e, 0x09,
    0x38, 0x25, 0xff, 0x91, 0x82, 0x46, 0x09, 0x1f, 0xe4, 0x00, 0x80, 0x07, 0xf9, 0xe0, 0x05, 0xbf,
    0x14, 0x82, 0x52, 0x09, 0x4f, 0xc5, 0xbf, 0x93, 0x82, 0x4e, 0xa9, 0xfa, 0xa4, 0x7f, 0x91, 0x92,
    0x46, 0x49, 0x00, 0x60, 0x10, 0x81, 0xfb, 0xc1, 0x1b, 0x1f, 0xc8, 0x11, 0xf9, 0xf9, 0x20, 0x04,
    0x9f, 0xff, 0x7c, 0x49, 0x17, 0xe7, 0xc4, 0x91, 0x10, 0x44, 0x41, 0x37, 0x00, 0x7f, 0xf8, 0x08,
    0x00, 0x20, 0x1f, 0xfe, 0x68, 0x99, 0xa2, 0x66, 0xf9, 0x9a, 0x26, 0x6f, 0x99, 0xa2, 0x66, 0x89,
    0x9f, 0xfe, 0x40, 0x18, 0x7f, 0xf8, 0x08, 0x00, 0x20, 0x0f, 0xfc, 0x30, 0x10, 0xcc, 0x43, 0x31,
    0x0c, 0xc4, 0x33, 0x10, 0x8a, 0x40, 0x6e, 0x0e, 0x0c, 0x60, 0x08, 0x07, 0xf9, 0xe3, 0x03, 0x3f,
    0x0c, 0x86, 0x32, 0x58, 0xc9, 0x63, 0x25, 0x8e, 0x96, 0x7a, 0xdb, 0x02, 0x00, 0x1b, 0x00, 0xc6,
    0x04, 0x08, 0x3f, 0xf0, 0xad, 0x42, 0xbd, 0x08, 0xe4, 0x3f, 0xf0, 0x0c, 0x03, 0xff, 0x00, 0xc0,
    0x7f, 0xf8, 0x00, 0x02, 0x01, 0x09, 0x26, 0x44, 0x88, 0x00, 0x00, 0x10, 0x00, 0xe0, 0x01, 0x00,
    0x04, 0x00, 0x20, 0x00, 0x00, 0x00, 0x38, 0x01, 0x10, 0x00, 0x60, 0x01, 0x00, 0x0c, 0x00, 0x60,
    0x01, 0x00, 0x04, 0x00, 0x00, 0x00, 0x00, 0x01, 0x00, 0x04, 0x00,
};
static const lv_font_fmt_txt_glyph_dsc_t font_14_glyphs[] = {
    {0},
    {.bitmap_index = 0, .adv_w = 48, .box_w = 3, .box_h = 0, .ofs_x = 0, .ofs_y = 0}, /* U+0020 */
    {.bitmap_index = 0, .adv_w = 64, .box_w = 4, .box_h = 11, .ofs_x = 0, .ofs_y = 0}, /* U+0021 */
    {.bitmap_index = 6, .adv_w = 96, .box_w = 6, .box_h = 11, .ofs_x = 0, .ofs_y = 0}, /* U+0022 */
    {.bitmap_index = 15, .adv_w = 128, .box_w = 8, .box_h = 10, .ofs_x = 0, .ofs_y = 0}, /* U+0023 */
    {.bitmap_index = 25, .adv_w = 128, .box_w = 8, .box_h = 14, .ofs_x = 0, .ofs_y = -2}, /* U+0024 */
    {.bitmap_index = 39, .adv_w = 208, .box_w = 13, .box_h = 11, .ofs_x = 0, .ofs_y = 0}, /* U+0025 */
    {.bitmap_index = 57, .adv_w = 144, .box_w = 10, .box_h = 11, .ofs_x = 0, .ofs_y = 0}, /* U+0026 */
    {.bitmap_index = 71, .adv_w = 64, .box_w = 4, .box_h = 11, .ofs_x = 0, .ofs_y = 0}, /* U+0027 */
    {.bitmap_index = 77, .adv_w = 80, .box_w = 5, .box_h = 15, .ofs_x = 0, .ofs_y = -3}, /* U+0028 */
    {.bitmap_index = 87, .adv_w = 80, .box_w = 5, .box_h = 15, .ofs_x = 0, .ofs_y = -3}, /* U+0029 */
    {.bitmap_index = 97, .adv_w = 96, .box_w = 6, .box_h = 11, .ofs_x = 0, .ofs_y = 0}, /* U+002A */
    {.bitmap_index = 106, .adv_w = 128, .box_w = 8, .box_h = 9, .ofs_x = 0, .ofs_y = 0}, /* U+002B */
    {.bitmap_index = 115, .adv_w = 64, .box_w = 4, .box_h = 5, .ofs_x = 0, .ofs_y = -3}, /* U+002C */
    {.bitmap_index = 118, .adv_w = 80, .box_w = 5, .box_h = 4, .ofs_x = 0, .ofs_y = 0}, /* U+002D */
    {.bitmap_index = 121, .adv_w = 64, .box_w = 4, .box_h = 2, .ofs_x = 0, .ofs_y = 0}, /* U+002E */
    {.bitmap_index = 122, .adv_w = 80, .box_w = 6, .box_h = 14, .ofs_x = 0, .ofs_y = -3}, /* U+002F */
    {.bitmap_index = 133, .adv_w = 128, .box_w = 8, .box_h = 11, .ofs_x = 0, .ofs_y = 0}, /* U+0030 */
    {.bitmap_index = 144, .adv_w = 128, .box_w = 8, .box_h = 11, .ofs_x = 0, .ofs_y = 0}, /* U+0031 */
    {.bitmap_index = 155, .adv_w = 128, .box_w = 8, .box_h = 11, .ofs_x = 0, .ofs_y = 0}, /* U+0032 */
    {.bitmap_index = 166, .adv_w = 128, .box_w = 8, .box_h = 11, .ofs_x = 0, .ofs_y = 0}, /* U+0033 */
    {.bitmap_index = 177, .adv_w = 128, .box_w = 8, .box_h = 11, .ofs_x = 0, .ofs_y = 0}, /* U+0034 */
    {.bitmap_index = 188, .adv_w = 128, .box_w = 8, .box_h = 11, .ofs_x = 0, .ofs_y = 0}, /* U+0035 */
    {.bitmap_index = 199, .adv_w = 128, .box_w = 8, .box_h = 11, .ofs_x = 0, .ofs_y = 0}, /* U+0036 */
    {.bitmap_index = 210, .adv_w = 128, .box_w = 8, .box_h = 11, .ofs_x = 0, .ofs_y = 0}, /* U+0037 */
    {.bitmap_index = 221, .adv_w = 128, .box_w = 8, .box_h = 11, .ofs_x = 0, .ofs_y = 0}, /* U+0038 */
    {.bitmap_index = 232, .adv_w = 128, .box_w = 8, .box_h = 11, .ofs_x = 0, .ofs_y = 0}, /* U+0039 */
    {.bitmap_index = 243, .adv_w = 64, .box_w = 4, .box_h = 8, .ofs_x = 0, .ofs_y = 0}, /* U+003A */
    {.bitmap_index = 247, .adv_w = 64, .box_w = 4, .box_h = 10, .ofs_x = 0, .ofs_y = -3}, /* U+003B */
    {.bitmap_index = 252, .adv_w = 128, .box_w = 8, .box_h = 9, .ofs_x = 0, .ofs_y = 0}, /* U+003C */
    {.bitmap_index = 261, .adv_w = 128, .box_w = 8, .box_h = 7, .ofs_x = 0, .ofs_y = 0}, /* U+003D */
    {.bitmap_index = 268, .adv_w = 128, .box_w = 8, .box_h = 9, .ofs_x = 0, .ofs_y = 0}, /* U+003E */
    {.bitmap_index = 277, .adv_w = 112, .box_w = 7, .box_h = 11, .ofs_x = 0, .ofs_y = 0}, /* U+003F */
    {.bitmap_index = 287, .adv_w = 208, .box_w = 13, .box_h = 12, .ofs_x = 0, .ofs_y = -2}, /* U+0040 */
    {.bitmap_index = 307, .adv_w = 128, .box_w = 9, .box_h = 11, .ofs_x = 0, .ofs_y = 0}, /* U+0041 */
    {.bitmap_index = 320, .adv_w = 144, .box_w = 9, .box_h = 11, .ofs_x = 0, .ofs_y = 0}, /* U+0042 */
    {.bitmap_index = 333, .adv_w = 144, .box_w = 9, .box_h = 11, .ofs_x = 0, .ofs_y = 0}, /* U+0043 */
    {.bitmap_index = 346, .adv_w = 160, .box_w = 10, .box_h = 11, .ofs_x = 0, .ofs_y = 0}, /* U+0044 */
    {.bitmap_index = 360, .adv_w = 128, .box_w = 8, .box_h = 11, .ofs_x = 0, .ofs_y = 0}, /* U+0045 */
    {.bitmap_index = 371, .adv_w = 128, .box_w = 8, .box_h = 11, .ofs_x = 0, .ofs_y = 0}, /* U+0046 */
    {.bitmap_index = 382, .adv_w = 160, .box_w = 10, .box_h = 11, .ofs_x = 0, .ofs_y = 0}, /* U+0047 */
    {.bitmap_index = 396, .adv_w = 160, .box_w = 10, .box_h = 11, .ofs_x = 0, .ofs_y = 0}, /* U+0048 */
    {.bitmap_index = 410, .adv_w = 64, .box_w = 4, .box_h = 11, .ofs_x = 0, .ofs_y = 0}, /* U+0049 */
    {.bitmap_index = 416, .adv_w = 112, .box_w = 7, .box_h = 11, .ofs_x = 0, .ofs_y = 0}, /* U+004A */
    {.bitmap_index = 426, .adv_w = 144, .box_w = 9, .box_h = 11, .ofs_x = 0, .ofs_y = 0}, /* U+004B */
    {.bitmap_index = 439, .adv_w = 128, .box_w = 8, .box_h = 11, .ofs_x = 0, .ofs_y = 0}, /* U+004C */
    {.bitmap_index = 450, .adv_w = 176, .box_w = 11, .box_h = 11, .ofs_x = 0, .ofs_y = 0}, /* U+004D */
    {.bitmap_index = 466, .adv_w = 160, .box_w = 10, .box_h = 11, .ofs_x = 0, .ofs_y = 0}, /* U+004E */
    {.bitmap_index = 480, .adv_w = 160, .box_w = 10, .box_h = 11, .ofs_x = 0, .ofs_y = 0}, /* U+004F */
    {.bitmap_index = 494, .adv_w = 144, .box_w = 9, .box_h = 11, .ofs_x = 0, .ofs_y = 0}, /* U+0050 */
    {.bitmap_index = 507, .adv_w = 160, .box_w = 10, .box_h = 13, .ofs_x = 0, .ofs_y = -2}, /* U+0051 */
    {.bitmap_index = 524, .adv_w = 144, .box_w = 9, .box_h = 11, .ofs_x = 0, .ofs_y = 0}, /* U+0052 */
    {.bitmap_index = 537, .adv_w = 128, .box_w = 8, .box_h = 11, .ofs_x = 0, .ofs_y = 0}, /* U+0053 */
    {.bitmap_index = 548, .adv_w = 128, .box_w = 8, .box_h = 11, .ofs_x = 0, .ofs_y = 0}, /* U+0054 */
    {.bitmap_index = 559, .adv_w = 160, .box_w = 10, .box_h = 11, .ofs_x = 0, .ofs_y = 0}, /* U+0055 */
    {.bitmap_index = 573, .adv_w = 128, .box_w = 8, .box_h = 11, .ofs_x = 0, .ofs_y = 0}, /* U+0056 */
    {.bitmap_index = 584, .adv_w = 192, .box_w = 12, .box_h = 11, .ofs_x = 0, .ofs_y = 0}, /* U+0057 */
    {.bitmap_index = 601, .adv_w = 128, .box_w = 8, .box_h = 11, .ofs_x = 0, .ofs_y = 0}, /* U+0058 */
    {.bitmap_index = 612, .adv_w = 112, .box_w = 8, .box_h = 11, .ofs_x = 0, .ofs_y = 0}, /* U+0059 */
    {.bitmap_index = 623, .adv_w = 128, .box_w = 8, .box_h = 11, .ofs_x = 0, .ofs_y = 0}, /* U+005A */
    {.bitmap_index = 634, .adv_w = 80, .box_w = 5, .box_h = 14, .ofs_x = 0, .ofs_y = -3}, /* U+005B */
    {.bitmap_index = 643, .adv_w = 80, .box_w = 6, .box_h = 14, .ofs_x = 0, .ofs_y = -3}, /* U+005C */
    {.bitmap_index = 654, .adv_w = 80, .box_w = 5, .box_h = 14, .ofs_x = 0, .ofs_y = -3}, /* U+005D */
    {.bitmap_index = 663, .adv_w = 128, .box_w = 8, .box_h = 11, .ofs_x = 0, .ofs_y = 0}, /* U+005E */
    {.bitmap_index = 674, .adv_w = 128, .box_w = 8, .box_h = 2, .ofs_x = 0, .ofs_y = -2}, /* U+005F */
    {.bitmap_index = 676, .adv_w = 128, .box_w = 8, .box_h = 13, .ofs_x = 0, .ofs_y = 0}, /* U+0060 */
    {.bitmap_index = 689, .adv_w = 128, .box_w = 8, .box_h = 8, .ofs_x = 0, .ofs_y = 0}, /* U+0061 */
    {.bitmap_index = 697, .adv_w = 144, .box_w = 9, .box_h = 12, .ofs_x = 0, .ofs_y = 0}, /* U+0062 */
    {.bitmap_index = 711, .adv_w = 112, .box_w = 7, .box_h = 8, .ofs_x = 0, .ofs_y = 0}, /* U+0063 */
    {.bitmap_index = 718, .adv_w = 144, .box_w = 9, .box_h = 12, .ofs_x = 0, .ofs_y = 0}, /* U+0064 */
    {.bitmap_index = 732, .adv_w = 128, .box_w = 8, .box_h = 8, .ofs_x = 0, .ofs_y = 0}, /* U+0065 */
    {.bitmap_index = 740, .adv_w = 64, .box_w = 5, .box_h = 12, .ofs_x = 0, .ofs_y = 0}, /* U+0066 */
    {.bitmap_index = 748, .adv_w = 128, .box_w = 8, .box_h = 12, .ofs_x = 0, .ofs_y = -4}, /* U+0067 */
    {.bitmap_index = 760, .adv_w = 128, .box_w = 8, .box_h = 12, .ofs_x = 0, .ofs_y = 0}, /* U+0068 */
    {.bitmap_index = 772, .adv_w = 64, .box_w = 4, .box_h = 11, .ofs_x = 0, .ofs_y = 0}, /* U+0069 */
    {.bitmap_index = 778, .adv_w = 64, .box_w = 5, .box_h = 15, .ofs_x = -1, .ofs_y = -4}, /* U+006A */
    {.bitmap_index = 788, .adv_w = 128, .box_w = 8, .box_h = 12, .ofs_x = 0, .ofs_y = 0}, /* U+006B */
    {.bitmap_index = 800, .adv_w = 64, .box_w = 4, .box_h = 12, .ofs_x = 0, .ofs_y = 0}, /* U+006C */
    {.bitmap_index = 806, .adv_w = 208, .box_w = 13, .box_h = 8, .ofs_x = 0, .ofs_y = 0}, /* U+006D */
    {.bitmap_index = 819, .adv_w = 128, .box_w = 8, .box_h = 8, .ofs_x = 0, .ofs_y = 0}, /* U+006E */
    {.bitmap_index = 827, .adv_w = 128, .box_w = 8, .box_h = 8, .ofs_x = 0, .ofs_y = 0}, /* U+006F */
    {.bitmap_index = 835, .adv_w = 144, .box_w = 9, .box_h = 12, .ofs_x = 0, .ofs_y = -4}, /* U+0070 */
    {.bitmap_index = 849, .adv_w = 144, .box_w = 9, .box_h = 12, .ofs_x = 0, .ofs_y = -4}, /* U+0071 */
    {.bitmap_index = 863, .adv_w = 80, .box_w = 6, .box_h = 8, .ofs_x = 0, .ofs_y = 0}, /* U+0072 */
    {.bitmap_index = 869, .adv_w = 96, .box_w = 6, .box_h = 8, .ofs_x = 0, .ofs_y = 0}, /* U+0073 */
    {.bitmap_index = 875, .adv_w = 80, .box_w = 5, .box_h = 11, .ofs_x = 0, .ofs_y = 0}, /* U+0074 */
    {.bitmap_index = 882, .adv_w = 128, .box_w = 8, .box_h = 8, .ofs_x = 0, .ofs_y = 0}, /* U+0075 */
    {.bitmap_index = 890, .adv_w = 112, .box_w = 7, .box_h = 8, .ofs_x = 0, .ofs_y = 0}, /* U+0076 */
    {.bitmap_index = 897, .adv_w = 176, .box_w = 11, .box_h = 8, .ofs_x = 0, .ofs_y = 0}, /* U+0077 */
    {.bitmap_index = 908, .adv_w = 112, .box_w = 7, .box_h = 8, .ofs_x = 0, .ofs_y = 0}, /* U+0078 */
    {.bitmap_index = 915, .adv_w = 112, .box_w = 7, .box_h = 12, .ofs_x = 0, .ofs_y = -4}, /* U+0079 */
    {.bitmap_index = 926, .adv_w = 112, .box_w = 7, .box_h = 8, .ofs_x = 0, .ofs_y = 0}, /* U+007A */
    {.bitmap_index = 933, .adv_w = 80, .box_w = 5, .box_h = 14, .ofs_x = 0, .ofs_y = -3}, /* U+007B */
    {.bitmap_index = 942, .adv_w = 64, .box_w = 4, .box_h = 16, .ofs_x = 0, .ofs_y = -4}, /* U+007C */
    {.bitmap_index = 950, .adv_w = 80, .box_w = 5, .box_h = 14, .ofs_x = 0, .ofs_y = -3}, /* U+007D */
    {.bitmap_index = 959, .adv_w = 128, .box_w = 8, .box_h = 7, .ofs_x = 0, .ofs_y = 0}, /* U+007E */
    {.bitmap_index = 966, .adv_w = 192, .box_w = 12, .box_h = 4, .ofs_x = 0, .ofs_y = 0}, /* U+2014 */
    {.bitmap_index = 972, .adv_w = 224, .box_w = 14, .box_h = 6, .ofs_x = 0, .ofs_y = 0}, /* U+2026 */
    {.bitmap_index = 983, .adv_w = 224, .box_w = 14, .box_h = 4, .ofs_x = 0, .ofs_y = -1}, /* U+3001 */
    {.bitmap_index = 990, .adv_w = 224, .box_w = 14, .box_h = 5, .ofs_x = 0, .ofs_y = -2}, /* U+3002 */
    {.bitmap_index = 999, .adv_w = 224, .box_w = 14, .box_h = 6, .ofs_x = 0, .ofs_y = 0}, /* U+4E00 */
    {.bitmap_index = 1010, .adv_w = 224, .box_w = 14, .box_h = 13, .ofs_x = 0, .ofs_y = -2}, /* U+4E07 */
    {.bitmap_index = 1033, .adv_w = 224, .box_w = 14, .box_h = 11, .ofs_x = 0, .ofs_y = -1}, /* U+4E09 */
    {.bitmap_index = 1053, .adv_w = 224, .box_w = 14, .box_h = 13, .ofs_x = 0, .ofs_y = -1}, /* U+4E0A */
    {.bitmap_index = 1076, .adv_w = 224, .box_w = 14, .box_h = 13, .ofs_x = 0, .ofs_y = -2}, /* U+4E0B */
    {.bitmap_index = 1099, .adv_w = 224, .box_w = 14, .box_h = 14, .ofs_x = 0, .ofs_y = -2}, /* U+4E0E */
    {.bitmap_index = 1124, .adv_w = 224, .box_w = 14, .box_h = 13, .ofs_x = 0, .ofs_y = -1}, /* U+4E2A */
    {.bitmap_index = 1147, .adv_w = 224, .box_w = 14, .box_h = 14, .ofs_x = 0, .ofs_y = -2}, /* U+4E2D */
    {.bitmap_index = 1172, .adv_w = 224, .box_w = 14, .box_h = 15, .ofs_x = 0, .ofs_y = -3}, /* U+4E4B */
    {.bitmap_index = 1199, .adv_w = 224, .box_w = 14, .box_h = 13, .ofs_x = 0, .ofs_y = -2}, /* U+4E86 */
    {.bitmap_index = 1222, .adv_w = 224, .box_w = 14, .box_h = 11, .ofs_x = 0, .ofs_y = -1}, /* U+4E8C */
    {.bitmap_index = 1242, .adv_w = 224, .box_w = 14, .box_h = 11, .ofs_x = 0, .ofs_y = -1}, /* U+4E94 */
    {.bitmap_index = 1262, .adv_w = 224, .box_w = 14, .box_h = 13, .ofs_x = 0, .ofs_y = -1}, /* U+4EBA */
    {.bitmap_index = 1285, .adv_w = 224, .box_w = 14, .box_h = 14, .ofs_x = 0, .ofs_y = -2}, /* U+4EEC */
    {.bitmap_index = 1310, .adv_w = 224, .box_w = 14, .box_h = 14, .ofs_x = 0, .ofs_y = -2}, /* U+4EF6 */
    {.bitmap_index = 1335, .adv_w = 224, .box_w = 14, .box_h = 14, .ofs_x = 0, .ofs_y = -2}, /* U+4EFD */
    {.bitmap_index = 1360, .adv_w = 224, .box_w = 14, .box_h = 14, .ofs_x = 0, .ofs_y = -2}, /* U+4F11 */
    {.bitmap_index = 1385, .adv_w = 224, .box_w = 14, .box_h = 14, .ofs_x = 0, .ofs_y = -2}, /* U+4F1A */
    {.bitmap_index = 1410, .adv_w = 224, .box_w = 14, .box_h = 14, .ofs_x = 0, .ofs_y = -2}, /* U+4F20 */
    {.bitmap_index = 1435, .adv_w = 224, .box_w = 14, .box_h = 14, .ofs_x = 0, .ofs_y = -2}, /* U+4F53 */
    {.bitmap_index = 1460, .adv_w = 224, .box_w = 14, .box_h = 14, .ofs_x = 0, .ofs_y = -2}, /* U+4F60 */
    {.bitmap_index = 1485, .adv_w = 224, .box_w = 14, .box_h = 14, .ofs_x = 0, .ofs_y = -2}, /* U+4FDD */
    {.bitmap_index = 1510, .adv_w = 224, .box_w = 14, .box_h = 14, .ofs_x = 0, .ofs_y = -2}, /* U+4FE1 */
    {.bitmap_index = 1535, .adv_w = 224, .box_w = 14, .box_h = 14, .ofs_x = 0, .ofs_y = -2}, /* U+4FEE */
    {.bitmap_index = 1560, .adv_w = 224, .box_w = 14, .box_h = 14, .ofs_x = 0, .ofs_y = -2}, /* U+4FF1 */
    {.bitmap_index = 1585, .adv_w = 224, .box_w = 14, .box_h = 14, .ofs_x = 0, .ofs_y = -2}, /* U+50A8 */
    {.bitmap_index = 1610, .adv_w = 224, .box_w = 14, .box_h = 13, .ofs_x = 0, .ofs_y = -2}, /* U+5165 */
    {.bitmap_index = 1633, .adv_w = 224, .box_w = 14, .box_h = 14, .ofs_x = 0, .ofs_y = -1}, /* U+5168 */
    {.bitmap_index = 1658, .adv_w = 224, .box_w = 14, .box_h = 14, .ofs_x = 0, .ofs_y = -2}, /* U+516D */
    {.bitmap_index = 1683, .adv_w = 224, .box_w = 14, .box_h = 14, .ofs_x = 0, .ofs_y = -2}, /* U+5173 */
    {.bitmap_index = 1708, .adv_w = 224, .box_w = 14, .box_h = 15, .ofs_x = 0, .ofs_y = -3}, /* U+5185 */
    {.bitmap_index = 1735, .adv_w = 224, .box_w = 14, .box_h = 13, .ofs_x = 0, .ofs_y = -2}, /* U+518D */
    {.bitmap_index = 1758, .adv_w = 224, .box_w = 14, .box_h = 14, .ofs_x = 0, .ofs_y = -2}, /* U+51FA */
    {.bitmap_index = 1783, .adv_w = 224, .box_w = 14, .box_h = 14, .ofs_x = 0, .ofs_y = -2}, /* U+51FB */
    {.bitmap_index = 1808, .adv_w = 224, .box_w = 14, .box_h = 15, .ofs_x = 0, .ofs_y = -3}, /* U+5206 */
    {.bitmap_index = 1835, .adv_w = 224, .box_w = 14, .box_h = 15, .ofs_x = 0, .ofs_y = -3}, /* U+5207 */
    {.bitmap_index = 1862, .adv_w = 224, .box_w = 14, .box_h = 15, .ofs_x = 0, .ofs_y = -3}, /* U+5217 */
    {.bitmap_index = 1889, .adv_w = 224, .box_w = 14, .box_h = 14, .ofs_x = 0, .ofs_y = -2}, /* U+521D */
    {.bitmap_index = 1914, .adv_w = 224, .box_w = 14, .box_h = 14, .ofs_x = 0, .ofs_y = -2}, /* U+522B */
    {.bitmap_index = 1939, .adv_w = 224, .box_w = 14, .box_h = 14, .ofs_x = 0, .ofs_y = -2}, /* U+5237 */
    {.bitmap_index = 1964, .adv_w = 224, .box_w = 14, .box_h = 15, .ofs_x = 0, .ofs_y = -2}, /* U+524D */
    {.bitmap_index = 1991, .adv_w = 224, .box_w = 14, .box_h = 15, .ofs_x = 0, .ofs_y = -3}, /* U+52A0 */
    {.bitmap_index = 2018, .adv_w = 224, .box_w = 14, .box_h = 15, .ofs_x = 0, .ofs_y = -3}, /* U+52A8 */
    {.bitmap_index = 2045, .adv_w = 224, .box_w = 14, .box_h = 15, .ofs_x = 0, .ofs_y = -3}, /* U+5316 */
    {.bitmap_index = 2072, .adv_w = 224, .box_w = 14, .box_h = 14, .ofs_x = 0, .ofs_y = -2}, /* U+5355 */
    {.bitmap_index = 2097, .adv_w = 224, .box_w = 14, .box_h = 14, .ofs_x = 0, .ofs_y = -2}, /* U+535A */
    {.bitmap_index = 2122, .adv_w = 224, .box_w = 14, .box_h = 14, .ofs_x = 0, .ofs_y = -2}, /* U+5361 */
    {.bitmap_index = 2147, .adv_w = 224, .box_w = 14, .box_h = 14, .ofs_x = 0, .ofs_y = -3}, /* U+5386 */
    {.bitmap_index = 2172, .adv_w = 224, .box_w = 14, .box_h = 14, .ofs_x = 0, .ofs_y = -2}, /* U+53C2 */
    {.bitmap_index = 2197, .adv_w = 224, .box_w = 14, .box_h = 13, .ofs_x = 0, .ofs_y = -2}, /* U+53CC */
    {.bitmap_index = 2220, .adv_w = 224, .box_w = 14, .box_h = 13, .ofs_x = 0, .ofs_y = -2}, /* U+53D6 */
    {.bitmap_index = 2243, .adv_w = 224, .box_w = 14, .box_h = 13, .ofs_x = 0, .ofs_y = -2}, /* U+53EF */
    {.bitmap_index = 2266, .adv_w = 224, .box_w = 14, .box_h = 13, .ofs_x = 0, .ofs_y = -2}, /* U+540C */
    {.bitmap_index = 2289, .adv_w = 224, .box_w = 14, .box_h = 14, .ofs_x = 0, .ofs_y = -2}, /* U+540E */
    {.bitmap_index = 2314, .adv_w = 224, .box_w = 14, .box_h = 14, .ofs_x = 0, .ofs_y = -2}, /* U+5417 */
    {.bitmap_index = 2339, .adv_w = 224, .box_w = 14, .box_h = 14, .ofs_x = 0, .ofs_y = -2}, /* U+542F */
    {.bitmap_index = 2364, .adv_w = 224, .box_w = 14, .box_h = 13, .ofs_x = 0, .ofs_y = -2}, /* U+5438 */
    {.bitmap_index = 2387, .adv_w = 224, .box_w = 14, .box_h = 13, .ofs_x = 0, .ofs_y = -2}, /* U+5468 */
    {.bitmap_index = 2410, .adv_w = 224, .box_w = 14, .box_h = 14, .ofs_x = 0, .ofs_y = -2}, /* U+547C */
    {.bitmap_index = 2435, .adv_w = 224, .box_w = 14, .box_h = 14, .ofs_x = 0, .ofs_y = -2}, /* U+548C */
    {.bitmap_index = 2460, .adv_w = 224, .box_w = 14, .box_h = 14, .ofs_x = 0, .ofs_y = -2}, /* U+5524 */
    {.bitmap_index = 2485, .adv_w = 224, .box_w = 14, .box_h = 13, .ofs_x = 0, .ofs_y = -2}, /* U+56DB */
    {.bitmap_index = 2508, .adv_w = 224, .box_w = 14, .box_h = 13, .ofs_x = 0, .ofs_y = -2}, /* U+56DE */
    {.bitmap_index = 2531, .adv_w = 224, .box_w = 14, .box_h = 13, .ofs_x = 0, .ofs_y = -2}, /* U+56FA */
    {.bitmap_index = 2554, .adv_w = 224, .box_w = 14, .box_h = 13, .ofs_x = 0, .ofs_y = -2}, /* U+56FE */
    {.bitmap_index = 2577, .adv_w = 224, .box_w = 14, .box_h = 14, .ofs_x = 0, .ofs_y = -2}, /* U+5728 */
    {.bitmap_index = 2602, .adv_w = 224, .box_w = 14, .box_h = 13, .ofs_x = 0, .ofs_y = -1}, /* U+578B */
    {.bitmap_index = 2625, .adv_w = 224, .box_w = 14, .box_h = 13, .ofs_x = 0, .ofs_y = -1}, /* U+58EB */
    {.bitmap_index = 2648, .adv_w = 224, .box_w = 14, .box_h = 14, .ofs_x = 0, .ofs_y = -2}, /* U+5907 */
    {.bitmap_index = 2673, .adv_w = 224, .box_w = 14, .box_h = 14, .ofs_x = 0, .ofs_y = -2}, /* U+591A */
    {.bitmap_index = 2698, .adv_w = 224, .box_w = 14, .box_h = 13, .ofs_x = 0, .ofs_y = -2}, /* U+5929 */
    {.bitmap_index = 2721, .adv_w = 224, .box_w = 14, .box_h = 14, .ofs_x = 0, .ofs_y = -2}, /* U+592A */
    {.bitmap_index = 2746, .adv_w = 224, .box_w = 14, .box_h = 14, .ofs_x = 0, .ofs_y = -2}, /* U+5931 */
    {.bitmap_index = 2771, .adv_w = 224, .box_w = 14, .box_h = 14, .ofs_x = 0, .ofs_y = -2}, /* U+59CB */
    {.bitmap_index = 2796, .adv_w = 224, .box_w = 14, .box_h = 14, .ofs_x = 0, .ofs_y = -2}, /* U+5B58 */
    {.bitmap_index = 2821, .adv_w = 224, .box_w = 14, .box_h = 14, .ofs_x = 0, .ofs_y = -2}, /* U+5B89 */
    {.bitmap_index = 2846, .adv_w = 224, .box_w = 14, .box_h = 15, .ofs_x = 0, .ofs_y = -3}, /* U+5B8C */
    {.bitmap_index = 2873, .adv_w = 224, .box_w = 14, .box_h = 15, .ofs_x = 0, .ofs_y = -3}, /* U+5B9A */
    {.bitmap_index = 2900, .adv_w = 224, .box_w = 14, .box_h = 14, .ofs_x = 0, .ofs_y = -2}, /* U+5B9E */
    {.bitmap_index = 2925, .adv_w = 224, .box_w = 14, .box_h = 14, .ofs_x = 0, .ofs_y = -2}, /* U+5BB9 */
    {.bitmap_index = 2950, .adv_w = 224, .box_w = 14, .box_h = 15, .ofs_x = 0, .ofs_y = -2}, /* U+5BC2 */
    {.bitmap_index = 2977, .adv_w = 224, .box_w = 14, .box_h = 14, .ofs_x = 0, .ofs_y = -2}, /* U+5C0F */
    {.bitmap_index = 3002, .adv_w = 224, .box_w = 14, .box_h = 14, .ofs_x = 0, .ofs_y = -2}, /* U+5C1A */
    {.bitmap_index = 3027, .adv_w = 224, .box_w = 14, .box_h = 13, .ofs_x = 0, .ofs_y = -2}, /* U+5C4F */
    {.bitmap_index = 3050, .adv_w = 224, .box_w = 14, .box_h = 13, .ofs_x = 0, .ofs_y = -2}, /* U+5C65 */
    {.bitmap_index = 3073, .adv_w = 224, .box_w = 14, .box_h = 12, .ofs_x = 0, .ofs_y = -1}, /* U+5DF2 */
    {.bitmap_index = 3094, .adv_w = 224, .box_w = 14, .box_h = 14, .ofs_x = 0, .ofs_y = -2}, /* U+5E27 */
    {.bitmap_index = 3119, .adv_w = 224, .box_w = 14, .box_h = 14, .ofs_x = 0, .ofs_y = -2}, /* U+5E55 */
    {.bitmap_index = 3144, .adv_w = 224, .box_w = 14, .box_h = 14, .ofs_x = 0, .ofs_y = -2}, /* U+5E74 */
    {.bitmap_index = 3169, .adv_w = 224, .box_w = 14, .box_h = 14, .ofs_x = 0, .ofs_y = -2}, /* U+5E8F */
    {.bitmap_index = 3194, .adv_w = 224, .box_w = 14, .box_h = 14, .ofs_x = 0, .ofs_y = -2}, /* U+5E94 */
    {.bitmap_index = 3219, .adv_w = 224, .box_w = 14, .box_h = 14, .ofs_x = 0, .ofs_y = -2}, /* U+5EA6 */
    {.bitmap_index = 3244, .adv_w = 224, .box_w = 14, .box_h = 13, .ofs_x = 0, .ofs_y = -2}, /* U+5F00 */
    {.bitmap_index = 3267, .adv_w = 224, .box_w = 14, .box_h = 15, .ofs_x = 0, .ofs_y = -3}, /* U+5F20 */
    {.bitmap_index = 3294, .adv_w = 224, .box_w = 14, .box_h = 14, .ofs_x = 0, .ofs_y = -2}, /* U+5F53 */
    {.bitmap_index = 3319, .adv_w = 224, .box_w = 14, .box_h = 14, .ofs_x = 0, .ofs_y = -2}, /* U+5F85 */
    {.bitmap_index = 3344, .adv_w = 224, .box_w = 14, .box_h = 14, .ofs_x = 0, .ofs_y = -2}, /* U+5FC3 */
    {.bitmap_index = 3369, .adv_w = 224, .box_w = 14, .box_h = 14, .ofs_x = 0, .ofs_y = -2}, /* U+5FD8 */
    {.bitmap_index = 3394, .adv_w = 224, .box_w = 14, .box_h = 14, .ofs_x = 0, .ofs_y = -2}, /* U+5FD9 */
    {.bitmap_index = 3419, .adv_w = 224, .box_w = 14, .box_h = 15, .ofs_x = 0, .ofs_y = -2}, /* U+606F */
    {.bitmap_index = 3446, .adv_w = 224, .box_w = 14, .box_h = 14, .ofs_x = 0, .ofs_y = -2}, /* U+60F3 */
    {.bitmap_index = 3471, .adv_w = 224, .box_w = 14, .box_h = 15, .ofs_x = 0, .ofs_y = -3}, /* U+6210 */
    {.bitmap_index = 3498, .adv_w = 224, .box_w = 14, .box_h = 14, .ofs_x = 0, .ofs_y = -2}, /* U+6211 */
    {.bitmap_index = 3523, .adv_w = 224, .box_w = 14, .box_h = 14, .ofs_x = 0, .ofs_y = -2}, /* U+624B */
    {.bitmap_index = 3548, .adv_w = 224, .box_w = 14, .box_h = 14, .ofs_x = 0, .ofs_y = -2}, /* U+62E9 */
    {.bitmap_index = 3573, .adv_w = 224, .box_w = 14, .box_h = 14, .ofs_x = 0, .ofs_y = -2}, /* U+6301 */
    {.bitmap_index = 3598, .adv_w = 224, .box_w = 14, .box_h = 14, .ofs_x = 0, .ofs_y = -2}, /* U+6302 */
    {.bitmap_index = 3623, .adv_w = 224, .box_w = 14, .box_h = 14, .ofs_x = 0, .ofs_y = -2}, /* U+6307 */
    {.bitmap_index = 3648, .adv_w = 224, .box_w = 14, .box_h = 14, .ofs_x = 0, .ofs_y = -2}, /* U+6309 */
    {.bitmap_index = 3673, .adv_w = 224, .box_w = 14, .box_h = 14, .ofs_x = 0, .ofs_y = -2}, /* U+6362 */
    {.bitmap_index = 3698, .adv_w = 224, .box_w = 14, .box_h = 15, .ofs_x = 0, .ofs_y = -2}, /* U+63A5 */
    {.bitmap_index = 3725, .adv_w = 224, .box_w = 14, .box_h = 14, .ofs_x = 0, .ofs_y = -2}, /* U+63A8 */
    {.bitmap_index = 3750, .adv_w = 224, .box_w = 14, .box_h = 15, .ofs_x = 0, .ofs_y = -3}, /* U+63D0 */
    {.bitmap_index = 3777, .adv_w = 224, .box_w = 14, .box_h = 14, .ofs_x = 0, .ofs_y = -2}, /* U+63D2 */
    {.bitmap_index = 3802, .adv_w = 224, .box_w = 14, .box_h = 14, .ofs_x = 0, .ofs_y = -2}, /* U+64AD */
    {.bitmap_index = 3827, .adv_w = 224, .box_w = 14, .box_h = 14, .ofs_x = 0, .ofs_y = -2}, /* U+652F */
    {.bitmap_index = 3852, .adv_w = 224, .box_w = 14, .box_h = 14, .ofs_x = 0, .ofs_y = -2}, /* U+6536 */
    {.bitmap_index = 3877, .adv_w = 224, .box_w = 14, .box_h = 14, .ofs_x = 0, .ofs_y = -2}, /* U+6539 */
    {.bitmap_index = 3902, .adv_w = 224, .box_w = 14, .box_h = 14, .ofs_x = 0, .ofs_y = -2}, /* U+653E */
    {.bitmap_index = 3927, .adv_w = 224, .box_w = 14, .box_h = 14, .ofs_x = 0, .ofs_y = -2}, /* U+6570 */
    {.bitmap_index = 3952, .adv_w = 224, .box_w = 14, .box_h = 14, .ofs_x = 0, .ofs_y = -2}, /* U+6574 */
    {.bitmap_index = 3977, .adv_w = 224, .box_w = 14, .box_h = 14, .ofs_x = 0, .ofs_y = -2}, /* U+6587 */
    {.bitmap_index = 4002, .adv_w = 224, .box_w = 14, .box_h = 14, .ofs_x = 0, .ofs_y = -2}, /* U+6599 */
    {.bitmap_index = 4027, .adv_w = 224, .box_w = 14, .box_h = 14, .ofs_x = 0, .ofs_y = -2}, /* U+65B0 */
    {.bitmap_index = 4052, .adv_w = 224, .box_w = 14, .box_h = 14, .ofs_x = 0, .ofs_y = -3}, /* U+65E0 */
    {.bitmap_index = 4077, .adv_w = 224, .box_w = 14, .box_h = 13, .ofs_x = 0, .ofs_y = -2}, /* U+65E5 */
    {.bitmap_index = 4100, .adv_w = 224, .box_w = 14, .box_h = 14, .ofs_x = 0, .ofs_y = -2}, /* U+65F6 */
    {.bitmap_index = 4125, .adv_w = 224, .box_w = 14, .box_h = 13, .ofs_x = 0, .ofs_y = -2}, /* U+661F */
    {.bitmap_index = 4148, .adv_w = 224, .box_w = 14, .box_h = 12, .ofs_x = 0, .ofs_y = -1}, /* U+663E */
    {.bitmap_index = 4169, .adv_w = 224, .box_w = 14, .box_h = 14, .ofs_x = 0, .ofs_y = -2}, /* U+6682 */
    {.bitmap_index = 4194, .adv_w = 224, .box_w = 14, .box_h = 14, .ofs_x = 0, .ofs_y = -2}, /* U+6709 */
    {.bitmap_index = 4219, .adv_w = 224, .box_w = 14, .box_h = 15, .ofs_x = 0, .ofs_y = -3}, /* U+671F */
    {.bitmap_index = 4246, .adv_w = 224, .box_w = 14, .box_h = 14, .ofs_x = 0, .ofs_y = -2}, /* U+672A */
    {.bitmap_index = 4271, .adv_w = 224, .box_w = 14, .box_h = 14, .ofs_x = 0, .ofs_y = -2}, /* U+672C */
    {.bitmap_index = 4296, .adv_w = 224, .box_w = 14, .box_h = 14, .ofs_x = 0, .ofs_y = -2}, /* U+673A */
    {.bitmap_index = 4321, .adv_w = 224, .box_w = 14, .box_h = 14, .ofs_x = 0, .ofs_y = -2}, /* U+6765 */
    {.bitmap_index = 4346, .adv_w = 224, .box_w = 14, .box_h = 14, .ofs_x = 0, .ofs_y = -2}, /* U+677F */
    {.bitmap_index = 4371, .adv_w = 224, .box_w = 14, .box_h = 13, .ofs_x = 0, .ofs_y = -1}, /* U+67E5 */
    {.bitmap_index = 4394, .adv_w = 224, .box_w = 14, .box_h = 14, .ofs_x = 0, .ofs_y = -2}, /* U+6848 */
    {.bitmap_index = 4419, .adv_w = 224, .box_w = 14, .box_h = 14, .ofs_x = 0, .ofs_y = -2}, /* U+6863 */
    {.bitmap_index = 4444, .adv_w = 224, .box_w = 14, .box_h = 14, .ofs_x = 0, .ofs_y = -2}, /* U+68A6 */
    {.bitmap_index = 4469, .adv_w = 224, .box_w = 14, .box_h = 14, .ofs_x = 0, .ofs_y = -2}, /* U+6A21 */
    {.bitmap_index = 4494, .adv_w = 224, .box_w = 14, .box_h = 14, .ofs_x = 0, .ofs_y = -2}, /* U+6B21 */
    {.bitmap_index = 4519, .adv_w = 224, .box_w = 14, .box_h = 14, .ofs_x = 0, .ofs_y = -2}, /* U+6B65 */
    {.bitmap_index = 4544, .adv_w = 224, .box_w = 14, .box_h = 15, .ofs_x = 0, .ofs_y = -2}, /* U+6BEB */
    {.bitmap_index = 4571, .adv_w = 224, .box_w = 14, .box_h = 14, .ofs_x = 0, .ofs_y = -2}, /* U+6C14 */
    {.bitmap_index = 4596, .adv_w = 224, .box_w = 14, .box_h = 14, .ofs_x = 0, .ofs_y = -2}, /* U+6C8C */
    {.bitmap_index = 4621, .adv_w = 224, .box_w = 14, .box_h = 14, .ofs_x = 0, .ofs_y = -2}, /* U+6CA1 */
    {.bitmap_index = 4646, .adv_w = 224, .box_w = 14, .box_h = 14, .ofs_x = 0, .ofs_y = -2}, /* U+6CD5 */
    {.bitmap_index = 4671, .adv_w = 224, .box_w = 14, .box_h = 14, .ofs_x = 0, .ofs_y = -2}, /* U+6D4F */
    {.bitmap_index = 4696, .adv_w = 224, .box_w = 14, .box_h = 14, .ofs_x = 0, .ofs_y = -2}, /* U+6DF1 */
    {.bitmap_index = 4721, .adv_w = 224, .box_w = 14, .box_h = 14, .ofs_x = 0, .ofs_y = -2}, /* U+6DF7 */
    {.bitmap_index = 4746, .adv_w = 224, .box_w = 14, .box_h = 15, .ofs_x = 0, .ofs_y = -3}, /* U+706F */
    {.bitmap_index = 4773, .adv_w = 224, .box_w = 14, .box_h = 15, .ofs_x = 0, .ofs_y = -2}, /* U+7136 */
    {.bitmap_index = 4800, .adv_w = 224, .box_w = 14, .box_h = 13, .ofs_x = 0, .ofs_y = -2}, /* U+7167 */
    {.bitmap_index = 4823, .adv_w = 224, .box_w = 14, .box_h = 14, .ofs_x = 0, .ofs_y = -2}, /* U+7247 */
    {.bitmap_index = 4848, .adv_w = 224, .box_w = 14, .box_h = 13, .ofs_x = 0, .ofs_y = -2}, /* U+7259 */
    {.bitmap_index = 4871, .adv_w = 224, .box_w = 14, .box_h = 15, .ofs_x = 0, .ofs_y = -3}, /* U+7269 */
    {.bitmap_index = 4898, .adv_w = 224, .box_w = 14, .box_h = 13, .ofs_x = 0, .ofs_y = -2}, /* U+73A9 */
    {.bitmap_index = 4921, .adv_w = 224, .box_w = 14, .box_h = 12, .ofs_x = 0, .ofs_y = -1}, /* U+7406 */
    {.bitmap_index = 4942, .adv_w = 224, .box_w = 14, .box_h = 14, .ofs_x = 0, .ofs_y = -3}, /* U+7528 */
    {.bitmap_index = 4967, .adv_w = 224, .box_w = 14, .box_h = 14, .ofs_x = 0, .ofs_y = -2}, /* U+7535 */
    {.bitmap_index = 4992, .adv_w = 224, .box_w = 14, .box_h = 13, .ofs_x = 0, .ofs_y = -2}, /* U+753B */
    {.bitmap_index = 5015, .adv_w = 224, .box_w = 14, .box_h = 14, .ofs_x = 0, .ofs_y = -2}, /* U+7559 */
    {.bitmap_index = 5040, .adv_w = 224, .box_w = 14, .box_h = 14, .ofs_x = 0, .ofs_y = -2}, /* U+767D */
    {.bitmap_index = 5065, .adv_w = 224, .box_w = 14, .box_h = 14, .ofs_x = 0, .ofs_y = -2}, /* U+7684 */
    {.bitmap_index = 5090, .adv_w = 224, .box_w = 14, .box_h = 14, .ofs_x = 0, .ofs_y = -2}, /* U+770B */
    {.bitmap_index = 5115, .adv_w = 224, .box_w = 14, .box_h = 14, .ofs_x = 0, .ofs_y = -3}, /* U+7720 */
    {.bitmap_index = 5140, .adv_w = 224, .box_w = 14, .box_h = 13, .ofs_x = 0, .ofs_y = -2}, /* U+773C */
    {.bitmap_index = 5163, .adv_w = 224, .box_w = 14, .box_h = 14, .ofs_x = 0, .ofs_y = -2}, /* U+775B */
    {.bitmap_index = 5188, .adv_w = 224, .box_w = 14, .box_h = 14, .ofs_x = 0, .ofs_y = -2}, /* U+786E */
    {.bitmap_index = 5213, .adv_w = 224, .box_w = 14, .box_h = 13, .ofs_x = 0, .ofs_y = -2}, /* U+793A */
    {.bitmap_index = 5236, .adv_w = 224, .box_w = 14, .box_h = 14, .ofs_x = 0, .ofs_y = -2}, /* U+79D2 */
    {.bitmap_index = 5261, .adv_w = 224, .box_w = 14, .box_h = 14, .ofs_x = 0, .ofs_y = -2}, /* U+7B2C */
    {.bitmap_index = 5286, .adv_w = 224, .box_w = 14, .box_h = 14, .ofs_x = 0, .ofs_y = -2}, /* U+7B49 */
    {.bitmap_index = 5311, .adv_w = 224, .box_w = 14, .box_h = 14, .ofs_x = 0, .ofs_y = -2}, /* U+7B80 */
    {.bitmap_index = 5336, .adv_w = 224, .box_w = 14, .box_h = 14, .ofs_x = 0, .ofs_y = -2}, /* U+7BA1 */
    {.bitmap_index = 5361, .adv_w = 224, .box_w = 14, .box_h = 14, .ofs_x = 0, .ofs_y = -2}, /* U+7C41 */
    {.bitmap_index = 5386, .adv_w = 224, .box_w = 14, .box_h = 14, .ofs_x = 0, .ofs_y = -2}, /* U+7CFB */
    {.bitmap_index = 5411, .adv_w = 224, .box_w = 14, .box_h = 14, .ofs_x = 0, .ofs_y = -2}, /* U+7EA6 */
    {.bitmap_index = 5436, .adv_w = 224, .box_w = 14, .box_h = 14, .ofs_x = 0, .ofs_y = -2}, /* U+7EBF */
    {.bitmap_index = 5461, .adv_w = 224, .box_w = 14, .box_h = 14, .ofs_x = 0, .ofs_y = -2}, /* U+7EDC */
    {.bitmap_index = 5486, .adv_w = 224, .box_w = 14, .box_h = 14, .ofs_x = 0, .ofs_y = -2}, /* U+7EDF */
    {.bitmap_index = 5511, .adv_w = 224, .box_w = 14, .box_h = 14, .ofs_x = 0, .ofs_y = -2}, /* U+7EED */
    {.bitmap_index = 5536, .adv_w = 224, .box_w = 14, .box_h = 13, .ofs_x = 0, .ofs_y = -2}, /* U+7F51 */
    {.bitmap_index = 5559, .adv_w = 224, .box_w = 14, .box_h = 13, .ofs_x = 0, .ofs_y = -2}, /* U+7F6E */
    {.bitmap_index = 5582, .adv_w = 224, .box_w = 14, .box_h = 14, .ofs_x = 0, .ofs_y = -2}, /* U+81EA */
    {.bitmap_index = 5607, .adv_w = 224, .box_w = 14, .box_h = 14, .ofs_x = 0, .ofs_y = -2}, /* U+83DC */
    {.bitmap_index = 5632, .adv_w = 224, .box_w = 14, .box_h = 14, .ofs_x = 0, .ofs_y = -2}, /* U+84DD */
    {.bitmap_index = 5657, .adv_w = 224, .box_w = 14, .box_h = 14, .ofs_x = 0, .ofs_y = -2}, /* U+884C */
    {.bitmap_index = 5682, .adv_w = 224, .box_w = 14, .box_h = 14, .ofs_x = 0, .ofs_y = -2}, /* U+8868 */
    {.bitmap_index = 5707, .adv_w = 224, .box_w = 14, .box_h = 14, .ofs_x = 0, .ofs_y = -2}, /* U+89C8 */
    {.bitmap_index = 5732, .adv_w = 224, .box_w = 14, .box_h = 14, .ofs_x = 0, .ofs_y = -2}, /* U+8A00 */
    {.bitmap_index = 5757, .adv_w = 224, .box_w = 14, .box_h = 14, .ofs_x = 0, .ofs_y = -2}, /* U+8BA4 */
    {.bitmap_index = 5782, .adv_w = 224, .box_w = 14, .box_h = 14, .ofs_x = 0, .ofs_y = -2}, /* U+8BB0 */
    {.bitmap_index = 5807, .adv_w = 224, .box_w = 14, .box_h = 14, .ofs_x = 0, .ofs_y = -2}, /* U+8BBE */
    {.bitmap_index = 5832, .adv_w = 224, .box_w = 14, .box_h = 14, .ofs_x = 0, .ofs_y = -2}, /* U+8BC1 */
    {.bitmap_index = 5857, .adv_w = 224, .box_w = 14, .box_h = 15, .ofs_x = 0, .ofs_y = -3}, /* U+8BD5 */
    {.bitmap_index = 5884, .adv_w = 224, .box_w = 14, .box_h = 14, .ofs_x = 0, .ofs_y = -2}, /* U+8BED */
    {.bitmap_index = 5909, .adv_w = 224, .box_w = 14, .box_h = 14, .ofs_x = 0, .ofs_y = -2}, /* U+8BF7 */
    {.bitmap_index = 5934, .adv_w = 224, .box_w = 14, .box_h = 14, .ofs_x = 0, .ofs_y = -2}, /* U+8BFB */
    {.bitmap_index = 5959, .adv_w = 224, .box_w = 14, .box_h = 14, .ofs_x = 0, .ofs_y = -2}, /* U+8C03 */
    {.bitmap_index = 5984, .adv_w = 224, .box_w = 14, .box_h = 14, .ofs_x = 0, .ofs_y = -2}, /* U+8D25 */
    {.bitmap_index = 6009, .adv_w = 224, .box_w = 14, .box_h = 14, .ofs_x = 0, .ofs_y = -2}, /* U+8D44 */
    {.bitmap_index = 6034, .adv_w = 224, .box_w = 14, .box_h = 15, .ofs_x = 0, .ofs_y = -3}, /* U+8D77 */
    {.bitmap_index = 6061, .adv_w = 224, .box_w = 14, .box_h = 14, .ofs_x = 0, .ofs_y = -2}, /* U+8DF3 */
    {.bitmap_index = 6086, .adv_w = 224, .box_w = 14, .box_h = 15, .ofs_x = 0, .ofs_y = -3}, /* U+8EAB */
    {.bitmap_index = 6113, .adv_w = 224, .box_w = 14, .box_h = 15, .ofs_x = 0, .ofs_y = -3}, /* U+8F7D */
    {.bitmap_index = 6140, .adv_w = 224, .box_w = 14, .box_h = 14, .ofs_x = 0, .ofs_y = -2}, /* U+8FC7 */
    {.bitmap_index = 6165, .adv_w = 224, .box_w = 14, .box_h = 14, .ofs_x = 0, .ofs_y = -2}, /* U+8FD4 */
    {.bitmap_index = 6190, .adv_w = 224, .box_w = 14, .box_h = 15, .ofs_x = 0, .ofs_y = -3}, /* U+8FD8 */
    {.bitmap_index = 6217, .adv_w = 224, .box_w = 14, .box_h = 16, .ofs_x = 0, .ofs_y = -3}, /* U+8FD9 */
    {.bitmap_index = 6245, .adv_w = 224, .box_w = 14, .box_h = 14, .ofs_x = 0, .ofs_y = -2}, /* U+8FDB */
    {.bitmap_index = 6270, .adv_w = 224, .box_w = 14, .box_h = 15, .ofs_x = 0, .ofs_y = -3}, /* U+8FDE */
    {.bitmap_index = 6297, .adv_w = 224, .box_w = 14, .box_h = 14, .ofs_x = 0, .ofs_y = -2}, /* U+9000 */
    {.bitmap_index = 6322, .adv_w = 224, .box_w = 14, .box_h = 15, .ofs_x = 0, .ofs_y = -3}, /* U+9001 */
    {.bitmap_index = 6349, .adv_w = 224, .box_w = 14, .box_h = 15, .ofs_x = 0, .ofs_y = -3}, /* U+9009 */
    {.bitmap_index = 6376, .adv_w = 224, .box_w = 14, .box_h = 14, .ofs_x = 0, .ofs_y = -2}, /* U+901A */
    {.bitmap_index = 6401, .adv_w = 224, .box_w = 14, .box_h = 14, .ofs_x = 0, .ofs_y = -2}, /* U+901F */
    {.bitmap_index = 6426, .adv_w = 224, .box_w = 14, .box_h = 13, .ofs_x = 0, .ofs_y = -2}, /* U+914D */
    {.bitmap_index = 6449, .adv_w = 224, .box_w = 14, .box_h = 13, .ofs_x = 0, .ofs_y = -2}, /* U+9192 */
    {.bitmap_index = 6472, .adv_w = 224, .box_w = 14, .box_h = 12, .ofs_x = 0, .ofs_y = -1}, /* U+91CC */
    {.bitmap_index = 6493, .adv_w = 224, .box_w = 14, .box_h = 13, .ofs_x = 0, .ofs_y = -1}, /* U+91CD */
    {.bitmap_index = 6516, .adv_w = 224, .box_w = 14, .box_h = 14, .ofs_x = 0, .ofs_y = -2}, /* U+91CF */
    {.bitmap_index = 6541, .adv_w = 224, .box_w = 14, .box_h = 15, .ofs_x = 0, .ofs_y = -2}, /* U+949F */
    {.bitmap_index = 6568, .adv_w = 224, .box_w = 14, .box_h = 15, .ofs_x = 0, .ofs_y = -3}, /* U+952E */
    {.bitmap_index = 6595, .adv_w = 224, .box_w = 14, .box_h = 14, .ofs_x = 0, .ofs_y = -2}, /* U+957F */
    {.bitmap_index = 6620, .adv_w = 224, .box_w = 14, .box_h = 15, .ofs_x = 0, .ofs_y = -3}, /* U+95ED */
    {.bitmap_index = 6647, .adv_w = 224, .box_w = 14, .box_h = 14, .ofs_x = 0, .ofs_y = -2}, /* U+95F4 */
    {.bitmap_index = 6672, .adv_w = 224, .box_w = 14, .box_h = 15, .ofs_x = 0, .ofs_y = -2}, /* U+9677 */
    {.bitmap_index = 6699, .adv_w = 224, .box_w = 14, .box_h = 14, .ofs_x = 0, .ofs_y = -2}, /* U+9694 */
    {.bitmap_index = 6724, .adv_w = 224, .box_w = 14, .box_h = 14, .ofs_x = 0, .ofs_y = -2}, /* U+9759 */
    {.bitmap_index = 6749, .adv_w = 224, .box_w = 14, .box_h = 13, .ofs_x = 0, .ofs_y = -2}, /* U+9762 */
    {.bitmap_index = 6772, .adv_w = 224, .box_w = 14, .box_h = 13, .ofs_x = 0, .ofs_y = -2}, /* U+9875 */
    {.bitmap_index = 6795, .adv_w = 224, .box_w = 14, .box_h = 13, .ofs_x = 0, .ofs_y = -2}, /* U+9879 */
    {.bitmap_index = 6818, .adv_w = 224, .box_w = 14, .box_h = 14, .ofs_x = 0, .ofs_y = -3}, /* U+9ED1 */
    {.bitmap_index = 6843, .adv_w = 224, .box_w = 14, .box_h = 6, .ofs_x = 0, .ofs_y = -3}, /* U+FF0C */
    {.bitmap_index = 6854, .adv_w = 224, .box_w = 14, .box_h = 12, .ofs_x = 0, .ofs_y = -1}, /* U+FF1F */
};
static const uint16_t font_14_unicodes[] = {0, 1, 2, 3, 4, 5, 6, 7, 8, 9, 10, 11, 12, 13, 14, 15, 16, 17, 18, 19, 20, 21, 22, 23, 24, 25, 26, 27, 28, 29, 30, 31, 32, 33, 34, 35, 36, 37, 38, 39, 40, 41, 42, 43, 44, 45, 46, 47, 48, 49, 50, 51, 52, 53, 54, 55, 56, 57, 58, 59, 60, 61, 62, 63, 64, 65, 66, 67, 68, 69, 70, 71, 72, 73, 74, 75, 76, 77, 78, 79, 80, 81, 82, 83, 84, 85, 86, 87, 88, 89, 90, 91, 92, 93, 94, 8180, 8198, 12257, 12258, 19936, 19943, 19945, 19946, 19947, 19950, 19978, 19981, 20011, 20070, 20076, 20084, 20122, 20172, 20182, 20189, 20209, 20218, 20224, 20275, 20288, 20413, 20417, 20430, 20433, 20616, 20805, 20808, 20813, 20819, 20837, 20845, 20954, 20955, 20966, 20967, 20983, 20989, 21003, 21015, 21037, 21120, 21128, 21238, 21301, 21306, 21313, 21350, 21410, 21420, 21430, 21455, 21484, 21486, 21495, 21519, 21528, 21576, 21596, 21612, 21764, 22203, 22206, 22234, 22238, 22280, 22379, 22731, 22759, 22778, 22793, 22794, 22801, 22955, 23352, 23401, 23404, 23418, 23422, 23449, 23458, 23535, 23546, 23599, 23621, 24018, 24071, 24117, 24148, 24175, 24180, 24198, 24288, 24320, 24371, 24421, 24483, 24504, 24505, 24655, 24787, 25072, 25073, 25131, 25289, 25313, 25314, 25319, 25321, 25410, 25477, 25480, 25520, 25522, 25741, 25871, 25878, 25881, 25886, 25936, 25940, 25959, 25977, 26000, 26048, 26053, 26070, 26111, 26142, 26210, 26345, 26367, 26378, 26380, 26394, 26437, 26463, 26565, 26664, 26691, 26758, 27137, 27393, 27461, 27595, 27636, 27756, 27777, 27829, 27951, 28113, 28119, 28751, 28950, 28999, 29223, 29241, 29257, 29577, 29670, 29960, 29973, 29979, 30009, 30301, 30308, 30443, 30464, 30492, 30523, 30798, 31002, 31154, 31500, 31529, 31584, 31617, 31777, 31963, 32390, 32415, 32444, 32447, 32461, 32561, 32590, 33226, 33724, 33981, 34860, 34888, 35240, 35296, 35716, 35728, 35742, 35745, 35765, 35789, 35799, 35803, 35811, 36101, 36132, 36183, 36307, 36491, 36701, 36775, 36788, 36792, 36793, 36795, 36798, 36832, 36833, 36841, 36858, 36863, 37165, 37234, 37292, 37293, 37295, 38015, 38158, 38239, 38349, 38356, 38487, 38516, 38713, 38722, 38997, 39001, 40625, 65260, 65279};
static const lv_font_fmt_txt_cmap_t font_14_cmap[] = {{
    .range_start = 32, .range_length = 65280,
    .glyph_id_start = 1, .unicode_list = font_14_unicodes,
    .list_length = 337, .type = LV_FONT_FMT_TXT_CMAP_SPARSE_TINY
}};
static const lv_font_fmt_txt_dsc_t font_14_dsc = {
    .glyph_bitmap = font_14_bitmap, .glyph_dsc = font_14_glyphs,
    .cmaps = font_14_cmap, .cmap_num = 1, .bpp = 1,
    .bitmap_format = LV_FONT_FMT_TXT_PLAIN, .stride = 0
};
const lv_font_t ui_font_14 = {
    .get_glyph_dsc = lv_font_get_glyph_dsc_fmt_txt,
    .get_glyph_bitmap = lv_font_get_bitmap_fmt_txt,
    .line_height = 18, .base_line = 4,
    .cap_height = 14, .x_height = 9,
    .subpx = LV_FONT_SUBPX_NONE, .kerning = LV_FONT_KERNING_NONE,
    .static_bitmap = 1, .underline_position = -2,
    .underline_thickness = 1, .dsc = &font_14_dsc
};

static const uint8_t font_18_bitmap[] = {
    0x20, 0xc3, 0x0c, 0x30, 0xc3, 0x0c, 0x20, 0x80, 0x00, 0x30, 0xc0, 0x26, 0x26, 0x26, 0x24, 0x24,
    0x00, 0x00, 0x00, 0x00, 0x00, 0x00, 0x00, 0x00, 0x00, 0x11, 0x04, 0x41, 0x10, 0x44, 0x7f, 0x84,
    0xc1, 0x20, 0xc8, 0x7f, 0x88, 0x82, 0x20, 0x88, 0x26, 0x00, 0x00, 0x03, 0x00, 0xc0, 0x7c, 0x33,
    0x08, 0x02, 0x00, 0xc0, 0x1c, 0x03, 0x80, 0x30, 0x06, 0x01, 0x80, 0x67, 0x30, 0xf8, 0x0c, 0x03,
    0x00, 0x38, 0x10, 0x64, 0x30, 0x46, 0x20, 0x46, 0x60, 0x46, 0x40, 0x46, 0xdc, 0x44, 0x96, 0x6d,
    0xa2, 0x39, 0x23, 0x03, 0x23, 0x02, 0x23, 0x04, 0x23, 0x04, 0x32, 0x08, 0x1c, 0x0e, 0x01, 0xb0,
    0x33, 0x03, 0x30, 0x12, 0x01, 0xc0, 0x18, 0x23, 0xc2, 0x64, 0x64, 0x66, 0x43, 0xc6, 0x1c, 0x73,
    0xe3, 0xe3, 0x21, 0x08, 0x42, 0x00, 0x00, 0x00, 0x00, 0x00, 0x00, 0x08, 0x61, 0x04, 0x30, 0x82,
    0x08, 0x20, 0x82, 0x08, 0x20, 0xc3, 0x04, 0x18, 0x20, 0x00, 0x41, 0x82, 0x08, 0x30, 0x41, 0x04,
    0x10, 0x41, 0x04, 0x10, 0xc3, 0x08, 0x61, 0x00, 0x00, 0x08, 0x18, 0x7e, 0x18, 0x3c, 0x24, 0x00,
    0x00, 0x00, 0x00, 0x00, 0x00, 0x00, 0x00, 0x00, 0x03, 0x00, 0xc0, 0x30, 0x0c, 0x1f, 0xe0, 0xc0,
    0x30, 0x0c, 0x03, 0x00, 0x00, 0x00, 0x03, 0x8c, 0x62, 0x30, 0x00, 0x78, 0x00, 0x00, 0x00, 0x00,
    0x03, 0x08, 0x00, 0x0c, 0x10, 0x20, 0xc1, 0x02, 0x0c, 0x10, 0x20, 0xc1, 0x02, 0x0c, 0x18, 0x20,
    0x41, 0x80, 0x1e, 0x0c, 0xc2, 0x11, 0x86, 0x61, 0x98, 0x64, 0x19, 0x06, 0x61, 0x98, 0x66, 0x18,
    0x84, 0x33, 0x07, 0x80, 0x1c, 0x0f, 0x00, 0xc0, 0x30, 0x0c, 0x03, 0x00, 0xc0, 0x30, 0x0c, 0x03,
    0x00, 0xc0, 0x30, 0x0c, 0x1f, 0xe0, 0x3e, 0x1d, 0xc4, 0x30, 0x04, 0x01, 0x00, 0xc0, 0x30, 0x08,
    0x06, 0x03, 0x01, 0x80, 0xc0, 0x70, 0x1f, 0xe0, 0x3e, 0x1d, 0xc0, 0x10, 0x04, 0x03, 0x01, 0xc1,
    0xe0, 0x1c, 0x01, 0x80, 0x60, 0x19, 0x06, 0x77, 0x0f, 0x80, 0x03, 0x01, 0xc0, 0xf0, 0x2c, 0x1b,
    0x0c, 0xc2, 0x31, 0x8c, 0x43, 0x3f, 0xe0, 0x30, 0x0c, 0x03, 0x00, 0xc0, 0x3f, 0x0c, 0x02, 0x00,
    0x80, 0x20, 0x1f, 0x82, 0x30, 0x06, 0x01, 0x80, 0x60, 0x19, 0x06, 0x77, 0x0f, 0x80, 0x0f, 0x06,
    0x63, 0x01, 0x80, 0x60, 0x1b, 0x87, 0x31, 0x86, 0x61, 0x98, 0x26, 0x18, 0x86, 0x3b, 0x07, 0x80,
    0x7f, 0x80, 0x60, 0x10, 0x0c, 0x06, 0x01, 0x80, 0x40, 0x30, 0x0c, 0x03, 0x00, 0x80, 0x20, 0x08,
    0x02, 0x00, 0x1e, 0x0c, 0xc2, 0x19, 0x86, 0x21, 0x8c, 0x41, 0xe0, 0xdc, 0x63, 0x90, 0x64, 0x19,
    0x86, 0x73, 0x07, 0x80, 0x1c, 0x0d, 0xc6, 0x31, 0x06, 0x41, 0x90, 0x66, 0x19, 0xce, 0x3d, 0x80,
    0x60, 0x10, 0x0c, 0x66, 0x0f, 0x00, 0x23, 0x80, 0x00, 0x00, 0x00, 0x71, 0x00, 0x03, 0x08, 0x00,
    0x00, 0x00, 0x71, 0x8c, 0x46, 0x00, 0x00, 0x81, 0xe1, 0xc1, 0xc0, 0x70, 0x07, 0x00, 0x78, 0x02,
    0x00, 0x00, 0x00, 0x00, 0x00, 0x1f, 0xe0, 0x00, 0x00, 0x00, 0x1f, 0xe0, 0x00, 0x00, 0x00, 0x00,
    0x00, 0x40, 0x1e, 0x01, 0xe0, 0x0e, 0x03, 0x83, 0x87, 0x81, 0x00, 0x00, 0x00, 0x00, 0x00, 0x3c,
    0x66, 0x02, 0x03, 0x06, 0x06, 0x0c, 0x08, 0x18, 0x18, 0x00, 0x00, 0x18, 0x18, 0x03, 0xf0, 0x07,
    0x0e, 0x06, 0x01, 0x86, 0x00, 0x42, 0x1f, 0x33, 0x1b, 0x99, 0x98, 0x84, 0x8c, 0x46, 0x44, 0x23,
    0x22, 0x31, 0x19, 0xb9, 0x8c, 0x77, 0x82, 0x00, 0x01, 0x80, 0x00, 0x70, 0xc0, 0x0f, 0xc0, 0x00,
    0x00, 0x00, 0x0e, 0x01, 0xc0, 0x28, 0x0d, 0x01, 0x30, 0x22, 0x0c, 0x41, 0x8c, 0x3f, 0x8c, 0x11,
    0x83, 0x20, 0x6c, 0x05, 0x80, 0xc0, 0x3f, 0x83, 0x1c, 0x20, 0xc2, 0x0c, 0x20, 0xc2, 0x1c, 0x3f,
    0x83, 0x1c, 0x20, 0x62, 0x06, 0x20, 0x62, 0x06, 0x31, 0xc3, 0xf8, 0x0f, 0x83, 0xf8, 0xc1, 0x18,
    0x06, 0x00, 0xc0, 0x18, 0x03, 0x00, 0x60, 0x0c, 0x00, 0xc0, 0x18, 0x21, 0xfc, 0x1f, 0x00, 0x3f,
    0x03, 0x38, 0x20, 0xc2, 0x06, 0x20, 0x62, 0x06, 0x20, 0x22, 0x02, 0x20, 0x62, 0x06, 0x20, 0x62,
    0x0c, 0x33, 0x83, 0xf0, 0x3f, 0x86, 0x00, 0x80, 0x10, 0x02, 0x00, 0x40, 0x0f, 0xc1, 0x80, 0x20,
    0x04, 0x00, 0x80, 0x10, 0x03, 0x00, 0x7f, 0x80, 0x3f, 0x8c, 0x02, 0x00, 0x80, 0x20, 0x08, 0x03,
    0xf8, 0xc0, 0x20, 0x08, 0x02, 0x00, 0x80, 0x20, 0x08, 0x00, 0x0f, 0x81, 0xfe, 0x30, 0x03, 0x00,
    0x60, 0x06, 0x00, 0x60, 0x06, 0x1e, 0x60, 0x66, 0x06, 0x30, 0x63, 0x06, 0x1f, 0xe0, 0xfc, 0x20,
    0x21, 0x01, 0x08, 0x08, 0x40, 0x42, 0x02, 0x10, 0x10, 0xff, 0x86, 0x0c, 0x20, 0x21, 0x01, 0x08,
    0x08, 0x40, 0x42, 0x02, 0x10, 0x10, 0x21, 0x08, 0x42, 0x10, 0x84, 0x21, 0x08, 0x42, 0x10, 0x03,
    0x00, 0xc0, 0x30, 0x0c, 0x03, 0x00, 0xc0, 0x30, 0x0c, 0x03, 0x00, 0xc0, 0x31, 0x0c, 0x7e, 0x0f,
    0x00, 0x20, 0x62, 0x0c, 0x21, 0x82, 0x30, 0x26, 0x02, 0x60, 0x3e, 0x03, 0xb0, 0x31, 0x83, 0x18,
    0x20, 0xc2, 0x0c, 0x20, 0x62, 0x06, 0x20, 0x08, 0x02, 0x00, 0x80, 0x20, 0x08, 0x02, 0x00, 0x80,
    0x20, 0x08, 0x02, 0x00, 0x80, 0x30, 0x0f, 0xe0, 0x30, 0x18, 0xc0, 0xe3, 0x83, 0x8e, 0x0e, 0x28,
    0x78, 0xb1, 0x62, 0xc5, 0x89, 0x36, 0x26, 0x98, 0x9a, 0x62, 0x39, 0x88, 0xc6, 0x21, 0x18, 0x80,
    0x60, 0x30, 0x21, 0x81, 0x0e, 0x08, 0x50, 0x42, 0xc2, 0x12, 0x10, 0x98, 0x84, 0x64, 0x23, 0x21,
    0x0d, 0x08, 0x28, 0x41, 0xc2, 0x06, 0x10, 0x30, 0x0f, 0x80, 0xfe, 0x0c, 0x18, 0x60, 0x66, 0x03,
    0x30, 0x19, 0x80, 0xcc, 0x06, 0x60, 0x33, 0x01, 0x8c, 0x0c, 0x60, 0xc1, 0xfc, 0x07, 0xc0, 0x3f,
    0x06, 0x38, 0x83, 0x10, 0x22, 0x04, 0x41, 0x88, 0x71, 0xfc, 0x30, 0x04, 0x00, 0x80, 0x10, 0x02,
    0x00, 0x40, 0x00, 0x0f, 0x80, 0xfe, 0x0c, 0x18, 0x60, 0x66, 0x03, 0x30, 0x19, 0x80, 0xcc, 0x06,
    0x60, 0x33, 0x01, 0x88, 0x0c, 0x60, 0xc1, 0xcc, 0x07, 0xc0, 0x0c, 0x00, 0x38, 0x00, 0xf0, 0x3f,
    0x86, 0x38, 0x83, 0x10, 0x22, 0x04, 0x41, 0x8c, 0x71, 0xfc, 0x23, 0x04, 0x60, 0x86, 0x10, 0x42,
    0x0c, 0x40, 0xc0, 0x1f, 0x07, 0x70, 0x82, 0x30, 0x03, 0x00, 0x70, 0x07, 0x80, 0x3c, 0x01, 0xc0,
    0x18, 0x03, 0x30, 0x67, 0xb8, 0x3e, 0x00, 0xff, 0xc1, 0x80, 0x30, 0x06, 0x00, 0xc0, 0x18, 0x03,
    0x00, 0x60, 0x0c, 0x01, 0x80, 0x30, 0x06, 0x00, 0xc0, 0x18, 0x00, 0x20, 0x21, 0x01, 0x08, 0x08,
    0x40, 0x42, 0x02, 0x10, 0x10, 0x80, 0x84, 0x04, 0x20, 0x21, 0x83, 0x0c, 0x18, 0x60, 0xc1, 0xdc,
    0x07, 0xc0, 0xc0, 0xd8, 0x19, 0x03, 0x30, 0x46, 0x18, 0x43, 0x0c, 0x41, 0x98, 0x33, 0x02, 0x40,
    0x68, 0x0f, 0x00, 0xe0, 0x18, 0x00, 0xc1, 0x82, 0x41, 0x86, 0x63, 0x86, 0x63, 0xc6, 0x62, 0xc4,
    0x62, 0xc4, 0x26, 0x4c, 0x36, 0x6c, 0x34, 0x6c, 0x34, 0x68, 0x34, 0x28, 0x1c, 0x38, 0x1c, 0x38,
    0x18, 0x38, 0x60, 0x98, 0x63, 0x10, 0xcc, 0x1a, 0x07, 0x80, 0xc0, 0x30, 0x1e, 0x04, 0xc3, 0x30,
    0x86, 0x61, 0xb0, 0x30, 0xc0, 0x90, 0x66, 0x11, 0x8c, 0x32, 0x0d, 0x81, 0xc0, 0x70, 0x0c, 0x03,
    0x00, 0xc0, 0x30, 0x0c, 0x03, 0x00, 0x7f, 0xc0, 0x38, 0x06, 0x00, 0x80, 0x30, 0x0c, 0x01, 0x80,
    0x60, 0x08, 0x03, 0x00, 0xc0, 0x18, 0x06, 0x00, 0xff, 0x80, 0x38, 0x82, 0x08, 0x20, 0x82, 0x08,
    0x20, 0x82, 0x08, 0x20, 0x82, 0x08, 0x38, 0x01, 0x81, 0x02, 0x06, 0x04, 0x08, 0x18, 0x10, 0x20,
    0x60, 0x40, 0x81, 0x81, 0x02, 0x06, 0x0c, 0xf0, 0x41, 0x04, 0x10, 0x41, 0x04, 0x10, 0x41, 0x04,
    0x10, 0x41, 0x04, 0x70, 0x00, 0x03, 0x01, 0xc0, 0x58, 0x12, 0x0c, 0xc2, 0x11, 0x84, 0x00, 0x00,
    0x00, 0x00, 0x00, 0x00, 0x00, 0x00, 0x00, 0x3f, 0xf0, 0x00, 0x10, 0x03, 0x00, 0x30, 0x02, 0x00,
    0x00, 0x00, 0x00, 0x00, 0x00, 0x00, 0x00, 0x00, 0x00, 0x00, 0x00, 0x00, 0x00, 0x00, 0x00, 0x00,
    0x1e, 0x0c, 0xc0, 0x10, 0x06, 0x0f, 0x8c, 0x66, 0x19, 0x86, 0x77, 0x8f, 0x60, 0x00, 0x04, 0x00,
    0x80, 0x10, 0x02, 0x00, 0x5e, 0x0e, 0xe1, 0x86, 0x20, 0xc4, 0x18, 0x83, 0x10, 0x62, 0x0c, 0x77,
    0x0b, 0xc0, 0x1f, 0x1d, 0x98, 0x0c, 0x06, 0x03, 0x01, 0x80, 0xc0, 0x3b, 0x0f, 0x80, 0x00, 0x00,
    0x10, 0x02, 0x00, 0x40, 0x08, 0x3d, 0x0e, 0xe3, 0x04, 0x60, 0x8c, 0x11, 0x82, 0x30, 0x46, 0x08,
    0x77, 0x07, 0xa0, 0x1e, 0x0c, 0xc6, 0x19, 0x82, 0x7f, 0x98, 0x06, 0x01, 0x80, 0x39, 0x87, 0xc0,
    0x1c, 0x60, 0xc1, 0x82, 0x0f, 0x8c, 0x10, 0x20, 0x40, 0x81, 0x02, 0x04, 0x08, 0x00, 0x1f, 0xcc,
    0xc6, 0x11, 0x86, 0x61, 0x0c, 0xc3, 0xe0, 0x80, 0x30, 0x0f, 0xe6, 0x0d, 0x03, 0x60, 0xd8, 0x63,
    0xf0, 0x00, 0x04, 0x00, 0x80, 0x10, 0x02, 0x00, 0x5e, 0x0f, 0xe1, 0x8c, 0x20, 0x84, 0x10, 0x82,
    0x10, 0x42, 0x08, 0x41, 0x08, 0x20, 0x01, 0x08, 0x00, 0x10, 0x84, 0x21, 0x08, 0x42, 0x10, 0x80,
    0x00, 0x41, 0x00, 0x00, 0x41, 0x04, 0x10, 0x41, 0x04, 0x10, 0x41, 0x04, 0x10, 0xc3, 0x38, 0x20,
    0x08, 0x02, 0x00, 0x80, 0x20, 0x08, 0x62, 0x30, 0x98, 0x24, 0x0b, 0x03, 0xe0, 0xcc, 0x23, 0x08,
    0x62, 0x08, 0x21, 0x08, 0x42, 0x10, 0x84, 0x21, 0x08, 0x42, 0x18, 0xc0, 0x2f, 0x3c, 0x1d, 0xf7,
    0x0c, 0x71, 0x84, 0x30, 0xc2, 0x18, 0x61, 0x0c, 0x30, 0x86, 0x18, 0x43, 0x0c, 0x21, 0x86, 0x10,
    0xc3, 0x00, 0x2f, 0x07, 0xf0, 0xc6, 0x10, 0x42, 0x08, 0x41, 0x08, 0x21, 0x04, 0x20, 0x84, 0x10,
    0x1f, 0x07, 0x71, 0x86, 0x30, 0x66, 0x0c, 0xc1, 0x98, 0x33, 0x04, 0x3b, 0x83, 0xe0, 0x2f, 0x07,
    0x70, 0xc3, 0x10, 0x62, 0x0c, 0x41, 0x88, 0x31, 0x06, 0x3b, 0x85, 0xe0, 0x80, 0x10, 0x02, 0x00,
    0x40, 0x08, 0x00, 0x1e, 0x87, 0x71, 0x82, 0x30, 0x46, 0x08, 0xc1, 0x18, 0x23, 0x04, 0x3b, 0x83,
    0xd0, 0x02, 0x00, 0x40, 0x08, 0x01, 0x00, 0x20, 0x2e, 0x78, 0xc1, 0x02, 0x04, 0x08, 0x10, 0x20,
    0x40, 0x3e, 0x66, 0x60, 0x60, 0x38, 0x0e, 0x03, 0x03, 0x66, 0x3c, 0x20, 0x60, 0xc7, 0xe3, 0x06,
    0x0c, 0x18, 0x30, 0x60, 0xc1, 0x81, 0xc0, 0x60, 0x8c, 0x11, 0x82, 0x30, 0x46, 0x08, 0xc1, 0x18,
    0x21, 0x0c, 0x37, 0x83, 0x90, 0xc1, 0xa0, 0xd8, 0x4c, 0x62, 0x31, 0x90, 0xd8, 0x28, 0x1c, 0x0e,
    0x00, 0xc3, 0x0d, 0x0c, 0x26, 0x38, 0x99, 0xe6, 0x24, 0x98, 0xd2, 0x43, 0x4d, 0x0f, 0x1c, 0x18,
    0x70, 0x61, 0x80, 0x63, 0x31, 0x0d, 0x83, 0x81, 0xc0, 0xe0, 0xd0, 0x4c, 0x63, 0x61, 0x80, 0xc1,
    0xa0, 0xd8, 0x4c, 0x62, 0x31, 0x90, 0x58, 0x2c, 0x1c, 0x06, 0x03, 0x01, 0x01, 0x81, 0x81, 0x80,
    0x7f, 0x06, 0x06, 0x0c, 0x08, 0x18, 0x30, 0x20, 0x60, 0x7f, 0x18, 0xc3, 0x0c, 0x30, 0xc3, 0x08,
    0x60, 0x83, 0x0c, 0x30, 0xc3, 0x0c, 0x18, 0x01, 0x08, 0x42, 0x10, 0x84, 0x21, 0x08, 0x42, 0x10,
    0x84, 0x21, 0x08, 0x42, 0x00, 0xe0, 0xc3, 0x0c, 0x30, 0xc3, 0x04, 0x18, 0x43, 0x0c, 0x30, 0xc3,
    0x0c, 0x60, 0x38, 0x1b, 0x60, 0x70, 0x00, 0x00, 0x00, 0x00, 0x00, 0x00, 0x7f, 0xfe, 0x00, 0x00,
    0x00, 0x00, 0x00, 0x00, 0x00, 0x00, 0x00, 0x00, 0x30, 0xc3, 0x0c, 0x30, 0xc0, 0x00, 0x00, 0x00,
    0x00, 0x00, 0x00, 0x00, 0x00, 0x00, 0x00, 0x00, 0x00, 0x00, 0x60, 0x00, 0x1c, 0x00, 0x03, 0x80,
    0x00, 0x70, 0x00, 0x0c, 0x00, 0x00, 0x38, 0x00, 0x11, 0x00, 0x04, 0x40, 0x01, 0x10, 0x00, 0x38,
    0x00, 0x00, 0x7f, 0xff, 0x80, 0x00, 0x00, 0x00, 0x00, 0x00, 0x00, 0x00, 0x00, 0x00, 0x00, 0x00,
    0x00, 0x00, 0x00, 0x00, 0x00, 0x00, 0x1f, 0xff, 0xe0, 0x20, 0x00, 0x08, 0x00, 0x02, 0x00, 0x00,
    0x80, 0x00, 0x3f, 0xe0, 0x18, 0x08, 0x06, 0x02, 0x01, 0x80, 0x80, 0x40, 0x20, 0x30, 0x18, 0x08,
    0x06, 0x06, 0x01, 0x83, 0x00, 0x41, 0x81, 0xf0, 0x00, 0x00, 0x00, 0x3f, 0xff, 0x00, 0x00, 0x00,
    0x00, 0x00, 0x00, 0x00, 0x00, 0x00, 0x00, 0x00, 0x00, 0x00, 0x00, 0x7f, 0xf8, 0x00, 0x00, 0x00,
    0x00, 0x00, 0x00, 0x00, 0x00, 0x00, 0x00, 0x00, 0x1f, 0xff, 0xe0, 0x00, 0x00, 0x00, 0x00, 0x00,
    0x20, 0x00, 0x08, 0x00, 0x02, 0x00, 0x00, 0x80, 0x00, 0x20, 0x00, 0x08, 0x00, 0x03, 0xfc, 0x00,
    0x80, 0x00, 0x20, 0x00, 0x08, 0x00, 0x02, 0x00, 0x00, 0x80, 0x00, 0x20, 0x00, 0x08, 0x00, 0x06,
    0x00, 0x7f, 0xff, 0x80, 0x00, 0x00, 0x1f, 0xff, 0xe0, 0x08, 0x00, 0x02, 0x00, 0x00, 0x80, 0x00,
    0x30, 0x00, 0x0f, 0x00, 0x02, 0x70, 0x00, 0x8e, 0x00, 0x20, 0xc0, 0x08, 0x00, 0x02, 0x00, 0x00,
    0x80, 0x00, 0x20, 0x00, 0x08, 0x00, 0x02, 0x00, 0x00, 0x80, 0x00, 0x00, 0x00, 0x03, 0x00, 0x00,
    0xc0, 0x00, 0x3f, 0xfc, 0x08, 0x00, 0x02, 0x00, 0x01, 0x80, 0x00, 0x60, 0x00, 0x1f, 0xff, 0x00,
    0x00, 0xc0, 0x00, 0x30, 0x00, 0x0c, 0x7f, 0xf3, 0x00, 0x00, 0x80, 0x00, 0x20, 0x00, 0x18, 0x00,
    0x7c, 0x00, 0x00, 0x00, 0x00, 0x00, 0x00, 0x30, 0x00, 0x0c, 0x00, 0x04, 0x80, 0x02, 0x38, 0x03,
    0x03, 0x01, 0x8c, 0x71, 0xc3, 0x0e, 0x40, 0xc0, 0x80, 0x30, 0x00, 0x0c, 0x00, 0x03, 0x00, 0x00,
    0xc0, 0x00, 0x30, 0x00, 0x0c, 0x00, 0x03, 0x00, 0x00, 0xc0, 0x00, 0x00, 0xc0, 0x00, 0x30, 0x00,
    0x0c, 0x00, 0x03, 0x00, 0x3f, 0xff, 0x08, 0x30, 0x42, 0x0c, 0x10, 0x83, 0x04, 0x20, 0xc1, 0x08,
    0x30, 0x43, 0xff, 0xf0, 0x83, 0x04, 0x20, 0xc0, 0x00, 0x30, 0x00, 0x0c, 0x00, 0x03, 0x00, 0x00,
    0xc0, 0x00, 0x30, 0x00, 0x00, 0x80, 0x00, 0x30, 0x00, 0x04, 0x00, 0x01, 0x00, 0x3f, 0xfe, 0x00,
    0x01, 0x80, 0x00, 0xc0, 0x00, 0x20, 0x00, 0x18, 0x00, 0x0c, 0x00, 0x06, 0x00, 0x07, 0x00, 0x03,
    0x00, 0x01, 0x80, 0x01, 0xc0, 0x00, 0xdc, 0x00, 0x63, 0xff, 0x80, 0x00, 0x00, 0x00, 0x00, 0x0f,
    0xff, 0xc0, 0x00, 0x60, 0x00, 0x30, 0x00, 0x18, 0x00, 0x1c, 0x00, 0x0c, 0x00, 0x03, 0x00, 0x00,
    0xc0, 0x00, 0x30, 0x00, 0x0c, 0x00, 0x03, 0x00, 0x00, 0xc0, 0x00, 0x30, 0x00, 0x0c, 0x00, 0x03,
    0x00, 0x07, 0x80, 0x00, 0x3f, 0xff, 0x00, 0x00, 0x00, 0x00, 0x00, 0x00, 0x00, 0x00, 0x00, 0x00,
    0x00, 0x00, 0x00, 0x00, 0x00, 0x00, 0x00, 0x00, 0x00, 0x00, 0x00, 0x00, 0x00, 0x00, 0x00, 0x7f,
    0xff, 0x80, 0x3f, 0xff, 0x00, 0x60, 0x00, 0x18, 0x00, 0x06, 0x00, 0x01, 0x00, 0x00, 0x40, 0x01,
    0xff, 0xc0, 0x0c, 0x30, 0x03, 0x0c, 0x00, 0xc3, 0x00, 0x20, 0xc0, 0x08, 0x30, 0x02, 0x0c, 0x01,
    0x83, 0x07, 0xff, 0xf8, 0x00, 0x00, 0x00, 0x30, 0x00, 0x0c, 0x00, 0x03, 0x00, 0x00, 0xc0, 0x00,
    0x30, 0x00, 0x0c, 0x00, 0x07, 0x80, 0x01, 0xe0, 0x00, 0x48, 0x00, 0x33, 0x00, 0x08, 0x40, 0x06,
    0x18, 0x03, 0x03, 0x01, 0x80, 0x61, 0xc0, 0x0e, 0x60, 0x00, 0x80, 0x09, 0x00, 0x02, 0x6f, 0xe1,
    0x88, 0x18, 0x43, 0x06, 0x12, 0x01, 0x8c, 0x80, 0x63, 0x20, 0x19, 0xc8, 0x06, 0x72, 0x01, 0x84,
    0x80, 0x61, 0x20, 0x18, 0x48, 0x06, 0x12, 0x01, 0x84, 0x80, 0x61, 0x20, 0x18, 0x48, 0x06, 0x12,
    0x01, 0x84, 0x81, 0xc0, 0x00, 0x00, 0x04, 0x10, 0x03, 0x24, 0x00, 0x99, 0x00, 0x66, 0x40, 0x11,
    0xff, 0x0c, 0xc4, 0x03, 0x31, 0x01, 0xc8, 0x40, 0x50, 0x10, 0x04, 0x04, 0x01, 0x3f, 0xf8, 0x40,
    0x40, 0x10, 0x10, 0x04, 0x04, 0x01, 0x01, 0x00, 0x40, 0x40, 0x10, 0x10, 0x04, 0x04, 0x00, 0x00,
    0x00, 0x03, 0x13, 0x00, 0x8c, 0x40, 0x63, 0x10, 0x10, 0x86, 0x0c, 0x60, 0xc3, 0x30, 0x31, 0xdc,
    0x06, 0x57, 0xfe, 0x84, 0x18, 0x81, 0x06, 0x20, 0x41, 0x08, 0x10, 0x42, 0x04, 0x30, 0x81, 0x18,
    0x60, 0x4c, 0x18, 0x12, 0x1c, 0x00, 0x00, 0x00, 0x04, 0x10, 0x01, 0x0c, 0x00, 0xc3, 0x00, 0x20,
    0xc0, 0x18, 0x30, 0x0f, 0xff, 0xe3, 0x83, 0x81, 0xe1, 0xe0, 0x58, 0x7c, 0x06, 0x3d, 0x01, 0x8b,
    0x60, 0x66, 0xc8, 0x1b, 0x33, 0x07, 0x8c, 0x61, 0xe3, 0x08, 0x60, 0xc0, 0x18, 0x30, 0x04, 0x04,
    0x00, 0x00, 0x40, 0x00, 0x30, 0x00, 0x1e, 0x00, 0x0c, 0xc0, 0x06, 0x1c, 0x07, 0x01, 0x87, 0xff,
    0xf9, 0x00, 0x00, 0x00, 0x00, 0x00, 0x00, 0x07, 0xff, 0xf8, 0x0c, 0x00, 0x03, 0x18, 0x01, 0x83,
    0x00, 0xc0, 0x60, 0x7f, 0xf8, 0x3f, 0xc3, 0x00, 0x00, 0x40, 0x00, 0x00, 0x03, 0x0c, 0x00, 0x82,
    0x00, 0x6f, 0xfc, 0x10, 0x60, 0x0c, 0x10, 0x07, 0x7f, 0xf9, 0xc3, 0x00, 0xd0, 0xc0, 0x04, 0x20,
    0x01, 0x0f, 0xf0, 0x40, 0x18, 0x10, 0x04, 0x04, 0x12, 0x01, 0x07, 0x80, 0x40, 0x60, 0x10, 0x0c,
    0x04, 0x00, 0x00, 0x00, 0x10, 0x03, 0x0c, 0x00, 0x83, 0x00, 0x60, 0xc0, 0x17, 0xff, 0x8c, 0x1e,
    0x07, 0x07, 0x81, 0xc1, 0xf0, 0x50, 0xb4, 0x04, 0x2d, 0x01, 0x1b, 0x20, 0x4c, 0xcc, 0x12, 0x31,
    0x85, 0xff, 0xe1, 0x03, 0x00, 0x40, 0xc0, 0x10, 0x30, 0x04, 0x04, 0x00, 0x04, 0x80, 0x03, 0x20,
    0x00, 0x88, 0x00, 0x66, 0x00, 0x11, 0xff, 0x8c, 0x44, 0x27, 0x31, 0x09, 0xc8, 0x46, 0xd0, 0x92,
    0x04, 0x24, 0x81, 0x19, 0x30, 0x46, 0x44, 0x11, 0x11, 0x84, 0xc4, 0x61, 0x21, 0x08, 0x40, 0x40,
    0x10, 0x10, 0x04, 0x1c, 0x00, 0x04, 0x00, 0x03, 0x7f, 0xc0, 0x90, 0x10, 0x64, 0x04, 0x19, 0x01,
    0x0c, 0x40, 0x43, 0x1f, 0xf1, 0xc0, 0x40, 0x50, 0x10, 0x04, 0x04, 0x01, 0x7f, 0xf8, 0x40, 0xe0,
    0x10, 0x7c, 0x04, 0x35, 0x81, 0x19, 0x30, 0x5c, 0x46, 0x16, 0x10, 0x84, 0x04, 0x00, 0x00, 0x20,
    0x03, 0x08, 0x00, 0x83, 0x00, 0x60, 0x40, 0x1f, 0xff, 0x8c, 0x00, 0x03, 0x1f, 0xf1, 0xc0, 0x00,
    0x50, 0x00, 0x04, 0x7f, 0xc1, 0x00, 0x00, 0x40, 0x00, 0x11, 0xff, 0x04, 0x40, 0x41, 0x10, 0x10,
    0x44, 0x04, 0x11, 0xff, 0x04, 0x40, 0x40, 0x08, 0x20, 0x02, 0x18, 0x01, 0x87, 0xf8, 0x43, 0x04,
    0x31, 0xe3, 0x0d, 0xcd, 0x87, 0x61, 0xc1, 0x59, 0xdc, 0x57, 0xc1, 0x85, 0x86, 0x01, 0x67, 0x00,
    0x5b, 0x18, 0x16, 0x1c, 0x05, 0x9c, 0x61, 0x00, 0x30, 0x40, 0x70, 0x10, 0xf0, 0x04, 0x20, 0x00,
    0x04, 0x00, 0x03, 0x7f, 0xc0, 0x90, 0x30, 0x64, 0x0c, 0x11, 0xff, 0x0c, 0x40, 0xc3, 0x10, 0x31,
    0xc7, 0xfc, 0xd1, 0x03, 0x04, 0x7f, 0xc1, 0x10, 0x30, 0x44, 0x0c, 0x17, 0xff, 0x84, 0x00, 0x01,
    0x0c, 0x60, 0x46, 0x0c, 0x17, 0x01, 0x84, 0x00, 0x20, 0x08, 0x00, 0x06, 0x06, 0x21, 0xe1, 0x98,
    0x4d, 0xfc, 0x31, 0x1b, 0x0c, 0x07, 0x87, 0xef, 0xf9, 0xc8, 0x60, 0x72, 0x30, 0x0c, 0x9f, 0xe3,
    0x2e, 0x18, 0xc8, 0x86, 0x32, 0x3f, 0x8c, 0x88, 0x63, 0x3a, 0x18, 0xce, 0x86, 0x32, 0x3f, 0x84,
    0x08, 0x40, 0x02, 0x00, 0x00, 0xc0, 0x00, 0x18, 0x00, 0x03, 0x00, 0x00, 0xc0, 0x00, 0x38, 0x00,
    0x1a, 0x00, 0x06, 0xc0, 0x01, 0x10, 0x00, 0xc6, 0x00, 0x20, 0x80, 0x18, 0x30, 0x0c, 0x06, 0x06,
    0x00, 0xc7, 0x00, 0x19, 0x80, 0x02, 0x00, 0xc0, 0x00, 0x30, 0x00, 0x1e, 0x00, 0x0c, 0xc0, 0x06,
    0x1c, 0x07, 0x01, 0x83, 0x00, 0x39, 0xff, 0xfe, 0x00, 0xc0, 0x00, 0x30, 0x00, 0x0c, 0x00, 0x03,
    0x00, 0x0f, 0xfe, 0x00, 0x30, 0x00, 0x0c, 0x00, 0x03, 0x00, 0x7f, 0xff, 0x80, 0x00, 0x00, 0x00,
    0x00, 0x00, 0x60, 0x00, 0x0c, 0x00, 0x03, 0x00, 0x00, 0x40, 0x00, 0x00, 0x07, 0xff, 0xf8, 0x00,
    0x00, 0x00, 0x00, 0x01, 0x84, 0x00, 0x61, 0x80, 0x30, 0x30, 0x0c, 0x06, 0x06, 0x01, 0x83, 0x00,
    0x30, 0xc0, 0x04, 0x60, 0x01, 0x80, 0x00, 0x00, 0x00, 0x00, 0x03, 0x03, 0x00, 0x40, 0x80, 0x18,
    0x60, 0x06, 0x18, 0x0f, 0xff, 0xc0, 0x0c, 0x00, 0x03, 0x00, 0x00, 0xc0, 0x1f, 0xff, 0xe0, 0x0e,
    0x00, 0x07, 0x80, 0x01, 0xb0, 0x00, 0xc6, 0x00, 0x61, 0xc0, 0x70, 0x38, 0x70, 0x03, 0x80, 0x00,
    0x00, 0x00, 0xc0, 0x00, 0x30, 0x00, 0x0c, 0x00, 0x03, 0x00, 0x3f, 0xff, 0x08, 0x30, 0x42, 0x0c,
    0x10, 0x82, 0x04, 0x20, 0xc1, 0x08, 0x78, 0x42, 0x33, 0x10, 0x8c, 0x64, 0x2e, 0x0d, 0x0a, 0x01,
    0x42, 0x00, 0x10, 0x80, 0x04, 0x20, 0x01, 0x08, 0x03, 0xc0, 0x00, 0x00, 0x00, 0x00, 0x1f, 0xff,
    0xe0, 0x0c, 0x00, 0x03, 0x00, 0x1f, 0xfe, 0x04, 0x30, 0x81, 0x0c, 0x20, 0x7f, 0xf8, 0x10, 0xc2,
    0x04, 0x30, 0x81, 0x0c, 0x21, 0xff, 0xfe, 0x10, 0x02, 0x04, 0x00, 0x81, 0x00, 0x20, 0x40, 0x08,
    0x10, 0x1e, 0x00, 0x00, 0x00, 0x00, 0xc0, 0x00, 0x30, 0x01, 0x0c, 0x20, 0x43, 0x08, 0x10, 0xc2,
    0x04, 0x30, 0x81, 0x0c, 0x20, 0x7f, 0xf8, 0x00, 0xc0, 0x08, 0x30, 0x42, 0x0c, 0x10, 0x83, 0x04,
    0x20, 0xc1, 0x08, 0x30, 0x42, 0x0c, 0x10, 0xff, 0xfc, 0x00, 0x03, 0x00, 0x00, 0x40, 0x00, 0xc0,
    0x00, 0x30, 0x00, 0x0c, 0x00, 0xff, 0xfc, 0x00, 0xc0, 0x00, 0x30, 0x00, 0x0c, 0x00, 0x03, 0x00,
    0x7f, 0xff, 0x80, 0x30, 0x01, 0x0c, 0x20, 0x43, 0x08, 0x10, 0xc2, 0x04, 0x30, 0x81, 0x0c, 0x20,
    0x7f, 0xf8, 0x00, 0x02, 0x00, 0x00, 0x80, 0x00, 0x00, 0x01, 0x86, 0x00, 0x61, 0x80, 0x30, 0x30,
    0x0c, 0x04, 0x06, 0x01, 0x83, 0x00, 0x31, 0xc0, 0x06, 0x7f, 0xfe, 0x80, 0x41, 0x80, 0x30, 0x60,
    0x0c, 0x10, 0x02, 0x04, 0x01, 0x81, 0x00, 0xc0, 0x40, 0x60, 0x30, 0x70, 0x78, 0x00, 0x00, 0x00,
    0x10, 0x00, 0x04, 0x7f, 0xe1, 0x03, 0x18, 0x40, 0xc6, 0x1f, 0x31, 0x9e, 0x0c, 0x61, 0x03, 0x18,
    0x40, 0x86, 0x10, 0x21, 0x84, 0x08, 0x61, 0x36, 0x18, 0x79, 0x86, 0x38, 0xc1, 0x00, 0x30, 0x40,
    0x18, 0x30, 0x0c, 0x7c, 0x00, 0x00, 0x00, 0x00, 0x01, 0x9f, 0xf0, 0x60, 0xc0, 0x98, 0x20, 0x26,
    0x08, 0x09, 0x86, 0x02, 0x61, 0xfc, 0x98, 0x43, 0x26, 0x30, 0x89, 0x98, 0x22, 0x67, 0x98, 0x98,
    0x34, 0x26, 0x07, 0x09, 0x80, 0x82, 0x60, 0x60, 0x18, 0x30, 0x06, 0x38, 0x01, 0x88, 0x01, 0xc0,
    0x00, 0x00, 0x10, 0x00, 0x06, 0x00, 0x00, 0x9f, 0xf8, 0x00, 0xc6, 0x7e, 0x31, 0x81, 0x8c, 0x60,
    0x43, 0x18, 0x30, 0xc6, 0x1b, 0x21, 0x8f, 0x88, 0x47, 0xe6, 0x11, 0x2d, 0x84, 0x08, 0x41, 0x02,
    0x30, 0x40, 0x8c, 0x10, 0x26, 0x0c, 0x0b, 0x1e, 0x00, 0x00, 0x00, 0x00, 0x00, 0x0f, 0xe0, 0x42,
    0x19, 0x10, 0x82, 0x64, 0x20, 0x99, 0x08, 0x26, 0x43, 0xf9, 0x90, 0x00, 0x64, 0x0c, 0x19, 0x03,
    0x06, 0x47, 0xf9, 0x90, 0x22, 0x64, 0x08, 0x99, 0x06, 0x20, 0x41, 0x98, 0x10, 0xc6, 0x04, 0x67,
    0x01, 0x10, 0x03, 0xc0, 0x00, 0x00, 0x00, 0x01, 0x0f, 0xf0, 0x62, 0x04, 0x98, 0x81, 0x26, 0x20,
    0x49, 0x8f, 0xf2, 0x62, 0x30, 0x98, 0x88, 0x26, 0x3f, 0xc9, 0x8e, 0x92, 0x63, 0xa4, 0x98, 0xe9,
    0x26, 0x3a, 0x49, 0x9e, 0x90, 0x67, 0xbc, 0x19, 0x08, 0x06, 0x42, 0x01, 0x80, 0x81, 0xc0, 0x08,
    0x04, 0x03, 0x03, 0x00, 0x60, 0x81, 0xff, 0xfe, 0x00, 0x00, 0x00, 0x00, 0x03, 0xf9, 0x30, 0x86,
    0x4c, 0x21, 0x93, 0x0f, 0xe4, 0xc2, 0x19, 0x30, 0x86, 0x4c, 0x3f, 0x93, 0x08, 0x64, 0xc2, 0x18,
    0x30, 0x86, 0x0c, 0x21, 0x83, 0x09, 0xc3, 0xc0, 0x00, 0x00, 0x00, 0x00, 0x06, 0x00, 0x01, 0x80,
    0x00, 0x60, 0xfe, 0x7f, 0xb1, 0x86, 0x6c, 0x61, 0x9b, 0x18, 0x66, 0xc6, 0x19, 0xb1, 0x86, 0x6c,
    0x61, 0x1b, 0x18, 0x46, 0xc6, 0x31, 0xb1, 0x8c, 0x6c, 0x62, 0x1b, 0x19, 0x84, 0xfe, 0x4f, 0x31,
    0x80, 0x00, 0x00, 0x00, 0x00, 0x00, 0x02, 0x03, 0xf8, 0x80, 0x00, 0x20, 0x00, 0x7f, 0x80, 0x06,
    0x27, 0xf8, 0x88, 0x60, 0x62, 0x18, 0x18, 0x84, 0xc6, 0x61, 0x11, 0x18, 0xc4, 0x46, 0x23, 0xb1,
    0x9f, 0xec, 0x67, 0x0a, 0x18, 0x01, 0x84, 0x00, 0xcf, 0x00, 0x00, 0x00, 0x02, 0x00, 0x01, 0x98,
    0x00, 0xc6, 0x00, 0x31, 0x84, 0x18, 0x63, 0x06, 0x18, 0xc3, 0x86, 0x61, 0xa1, 0xb0, 0x48, 0x78,
    0x02, 0x1c, 0x00, 0x8e, 0x00, 0x2f, 0x80, 0x0a, 0x60, 0x82, 0x18, 0x20, 0x86, 0x08, 0x21, 0x86,
    0x08, 0x3f, 0x82, 0x00, 0x00, 0x00, 0x00, 0x03, 0x03, 0x00, 0x60, 0x80, 0x08, 0x60, 0x1f, 0xff,
    0x04, 0x30, 0xc1, 0x0c, 0x30, 0x7f, 0xfc, 0x10, 0xc3, 0x04, 0x30, 0xc1, 0xff, 0xf0, 0x03, 0x00,
    0x00, 0xc0, 0x1f, 0xff, 0xe0, 0x0c, 0x00, 0x03, 0x00, 0x00, 0xc0, 0x00, 0x30, 0x00, 0x10, 0x16,
    0x04, 0x04, 0xc1, 0x3f, 0xf8, 0x40, 0x40, 0x10, 0x10, 0x1f, 0x7f, 0xc1, 0x11, 0x10, 0x47, 0xfc,
    0x11, 0x11, 0x04, 0x7f, 0xc1, 0x11, 0x10, 0x40, 0x18, 0x17, 0xff, 0x84, 0x21, 0x81, 0x0c, 0x60,
    0x41, 0x18, 0x10, 0x46, 0x04, 0x07, 0x00, 0x00, 0x80, 0x00, 0x20, 0x00, 0x08, 0x00, 0x03, 0xf8,
    0x00, 0xc0, 0x00, 0x20, 0x00, 0x08, 0x01, 0xff, 0xfe, 0x00, 0xc0, 0x00, 0x20, 0x00, 0x0a, 0x00,
    0x03, 0xe0, 0x00, 0x8e, 0x00, 0x20, 0xc0, 0x08, 0x00, 0x02, 0x00, 0x00, 0x80, 0x00, 0x20, 0x00,
    0x3f, 0xff, 0x8c, 0x00, 0x02, 0x04, 0x00, 0x81, 0x00, 0x20, 0x40, 0x08, 0x10, 0x02, 0xff, 0xf0,
    0x81, 0x04, 0x20, 0xc1, 0x08, 0x30, 0x42, 0x08, 0x30, 0x82, 0x0c, 0x61, 0x83, 0x18, 0xc0, 0xc6,
    0x60, 0x21, 0x30, 0xf8, 0x00, 0x00, 0x00, 0x01, 0x80, 0x00, 0xc6, 0x00, 0xe0, 0xc0, 0x7f, 0xf8,
    0x19, 0x83, 0x00, 0x40, 0x00, 0x30, 0x01, 0xff, 0xfe, 0x06, 0x18, 0x03, 0x1b, 0x01, 0xb8, 0x71,
    0xd8, 0x4e, 0x40, 0x60, 0x01, 0xe1, 0x80, 0x41, 0xc0, 0x01, 0xc0, 0x0f, 0xc0, 0x03, 0x00, 0x00,
    0x00, 0x00, 0x1f, 0xdf, 0xe0, 0x16, 0x10, 0x0c, 0x84, 0x23, 0x23, 0x08, 0x88, 0xc3, 0x23, 0x20,
    0x78, 0xc8, 0x0e, 0x16, 0x01, 0x07, 0x00, 0xe1, 0xc0, 0x38, 0x70, 0x1b, 0x1c, 0x04, 0x4d, 0x83,
    0x06, 0x31, 0x87, 0x06, 0x40, 0x00, 0x80, 0x7f, 0x80, 0x08, 0xc0, 0x02, 0x37, 0xf8, 0x8c, 0x86,
    0x3f, 0x31, 0x08, 0xcc, 0x42, 0x31, 0x30, 0x8c, 0x4c, 0x3f, 0x1a, 0x08, 0xc3, 0x82, 0x30, 0xc0,
    0x8c, 0x30, 0x3f, 0x8c, 0x1e, 0xc7, 0x80, 0x33, 0x30, 0x0d, 0x86, 0x01, 0x40, 0x00, 0x00, 0x00,
    0x1f, 0xff, 0xe0, 0x00, 0x60, 0x00, 0x18, 0x00, 0x06, 0x07, 0xf1, 0x81, 0x04, 0x60, 0x41, 0x18,
    0x10, 0x46, 0x04, 0x11, 0x81, 0x04, 0x60, 0x7f, 0x18, 0x10, 0x06, 0x00, 0x01, 0x80, 0x00, 0x60,
    0x00, 0xf8, 0x00, 0x00, 0x00, 0x7f, 0xff, 0x98, 0x00, 0x66, 0x00, 0x19, 0x80, 0x06, 0x6f, 0xfd,
    0x98, 0x00, 0x66, 0x00, 0x19, 0x9f, 0xe6, 0x66, 0x19, 0x99, 0x86, 0x66, 0x61, 0x99, 0x98, 0x66,
    0x67, 0xf9, 0x99, 0x80, 0x66, 0x00, 0x19, 0x80, 0x04, 0x60, 0x0f, 0x00, 0x00, 0x00, 0x00, 0x02,
    0x00, 0x7f, 0x81, 0xfe, 0x00, 0x40, 0x00, 0x10, 0x00, 0x04, 0x00, 0x01, 0xff, 0xf8, 0x40, 0x00,
    0x10, 0x00, 0x04, 0x00, 0x03, 0x7f, 0xf0, 0xd8, 0x0c, 0x36, 0x03, 0x09, 0x80, 0xc2, 0x60, 0x31,
    0x98, 0x0c, 0x47, 0xff, 0x10, 0x80, 0xc0, 0x00, 0x00, 0x1f, 0x7f, 0x86, 0x40, 0x21, 0x92, 0x08,
    0x64, 0xc2, 0x19, 0x20, 0x86, 0x48, 0x21, 0x92, 0x18, 0x64, 0xff, 0x99, 0x00, 0x66, 0x40, 0x19,
    0xf7, 0xf6, 0x60, 0x01, 0x98, 0x00, 0x40, 0x00, 0x10, 0x00, 0x0c, 0x00, 0x0e, 0x00, 0x00, 0x00,
    0x00, 0x80, 0x00, 0x30, 0x00, 0x04, 0x00, 0x7f, 0xfc, 0x10, 0x03, 0x04, 0x00, 0xc1, 0x00, 0x30,
    0x7f, 0xfc, 0x10, 0x00, 0x04, 0x00, 0x03, 0x7f, 0xf0, 0xd0, 0x0c, 0x34, 0x01, 0x09, 0x00, 0x42,
    0x40, 0x11, 0x9f, 0xfc, 0x44, 0x03, 0x01, 0x00, 0x40, 0x00, 0x00, 0x1f, 0xff, 0x86, 0x4c, 0x41,
    0x93, 0x10, 0x64, 0xc4, 0x19, 0x33, 0x06, 0x4c, 0xf9, 0x93, 0x04, 0x64, 0xe1, 0x19, 0x28, 0xc6,
    0x4b, 0x21, 0xf6, 0x58, 0x61, 0x1c, 0x18, 0xc3, 0x00, 0x23, 0xe0, 0x19, 0x8e, 0x04, 0x40, 0x80,
    0x1f, 0xff, 0x04, 0x00, 0xc1, 0x0c, 0x30, 0x43, 0x0c, 0x17, 0xfb, 0x04, 0x30, 0xc1, 0x0c, 0x30,
    0x5f, 0xfc, 0x10, 0x03, 0x0d, 0xfe, 0xc3, 0x61, 0xb0, 0xd8, 0x6c, 0x26, 0x1b, 0x09, 0xfe, 0xc6,
    0x60, 0x31, 0x08, 0x0c, 0x40, 0x0e, 0x00, 0x00, 0x00, 0x00, 0x00, 0x00, 0x0f, 0xc7, 0xdf, 0x81,
    0xb0, 0x44, 0x6d, 0x91, 0x1b, 0x24, 0x46, 0xc9, 0x31, 0xb3, 0x48, 0x6c, 0xd2, 0x1b, 0x06, 0x06,
    0xff, 0xf9, 0xb0, 0x40, 0x7c, 0x10, 0x18, 0x04, 0x04, 0x01, 0x00, 0x00, 0x40, 0x00, 0x10, 0x00,
    0x3c, 0x00, 0x01, 0x00, 0x07, 0xc0, 0x07, 0xc7, 0xf0, 0x31, 0x84, 0x0c, 0x61, 0x03, 0x18, 0x47,
    0xfe, 0x10, 0x31, 0x84, 0x1e, 0x61, 0x07, 0x98, 0x41, 0xd6, 0x10, 0xb7, 0x84, 0x6c, 0x61, 0x13,
    0x18, 0x40, 0xc7, 0xf0, 0x31, 0x84, 0x0c, 0x21, 0x01, 0x00, 0x00, 0x00, 0x20, 0x00, 0x18, 0x00,
    0x0f, 0xe1, 0xf2, 0x18, 0x6d, 0x8c, 0x1b, 0xff, 0xc6, 0xd9, 0x31, 0xb6, 0x4c, 0x6d, 0x93, 0x1b,
    0x64, 0xc6, 0xd9, 0x31, 0xbf, 0xfe, 0x7c, 0x38, 0x18, 0x1a, 0x06, 0x04, 0x40, 0x06, 0x18, 0x03,
    0x03, 0x80, 0x00, 0x20, 0x7f, 0xff, 0x18, 0xcc, 0x46, 0x32, 0x11, 0x8c, 0x84, 0x63, 0x21, 0x18,
    0x88, 0x46, 0x22, 0x11, 0x98, 0xc4, 0x6c, 0x3f, 0x1e, 0x00, 0x46, 0x00, 0x11, 0x80, 0x04, 0x7f,
    0xff, 0x18, 0x00, 0x42, 0x00, 0x10, 0x7f, 0xff, 0x98, 0x00, 0x66, 0x00, 0x19, 0x80, 0x06, 0x60,
    0x01, 0x99, 0xfe, 0x66, 0x61, 0x99, 0x98, 0x66, 0x66, 0x19, 0x99, 0x86, 0x66, 0x7f, 0x99, 0x80,
    0x06, 0x60, 0x01, 0x98, 0x00, 0x66, 0x00, 0x19, 0xff, 0xfe, 0x60, 0x01, 0x80, 0x3f, 0xff, 0x88,
    0x00, 0x62, 0x0c, 0x18, 0x83, 0x06, 0x20, 0xc1, 0x8b, 0xff, 0x62, 0x0c, 0x18, 0x83, 0x06, 0x27,
    0xf9, 0x89, 0x02, 0x62, 0x40, 0x98, 0x90, 0x26, 0x27, 0xf9, 0x88, 0x00, 0x62, 0x00, 0x18, 0xff,
    0xfe, 0x20, 0x01, 0x00, 0x7f, 0xff, 0x98, 0x00, 0x66, 0x10, 0x19, 0x8f, 0xe6, 0x66, 0x19, 0x9b,
    0x4c, 0x66, 0x0e, 0x19, 0x8f, 0xc6, 0x7e, 0x1f, 0x9a, 0x60, 0x66, 0x06, 0x19, 0x88, 0x06, 0x67,
    0xe1, 0x98, 0x0e, 0x66, 0x00, 0x19, 0xff, 0xfe, 0x20, 0x01, 0x00, 0x01, 0x00, 0x00, 0x40, 0x00,
    0x30, 0x01, 0xff, 0xfe, 0x06, 0x00, 0x01, 0x04, 0x00, 0xc1, 0x00, 0x60, 0x40, 0x18, 0x10, 0x0e,
    0x7f, 0xc7, 0x81, 0x01, 0x60, 0x40, 0x18, 0x10, 0x06, 0x04, 0x01, 0x81, 0x00, 0x60, 0x40, 0x1b,
    0xff, 0x80, 0x00, 0x00, 0x00, 0x01, 0x0f, 0xf6, 0x41, 0x91, 0x90, 0x64, 0x64, 0x19, 0x19, 0x1f,
    0xf6, 0x41, 0x91, 0x90, 0x44, 0x04, 0x31, 0x01, 0x08, 0x43, 0xc0, 0x0c, 0x00, 0x03, 0x00, 0x1f,
    0xfe, 0x00, 0x30, 0x00, 0x0c, 0x00, 0x03, 0x00, 0x7f, 0xff, 0x80, 0x00, 0x80, 0x00, 0x30, 0x00,
    0x0c, 0x00, 0x03, 0x00, 0x00, 0xc0, 0x00, 0x30, 0x00, 0x0c, 0x01, 0xff, 0xfe, 0x00, 0xc0, 0x00,
    0x30, 0x00, 0x0c, 0x00, 0x03, 0x00, 0x00, 0xc0, 0x00, 0x30, 0x00, 0x0c, 0x00, 0xff, 0xfc, 0x00,
    0x00, 0x00, 0x03, 0x00, 0x00, 0x80, 0x00, 0x7f, 0xc0, 0x30, 0x30, 0x3e, 0x18, 0x08, 0x78, 0x00,
    0x3f, 0x00, 0x7c, 0x7c, 0x78, 0x03, 0x87, 0xff, 0x81, 0x8c, 0x60, 0x43, 0x18, 0x10, 0xc6, 0x07,
    0xff, 0x81, 0x0c, 0x60, 0x43, 0x18, 0x1f, 0xfe, 0x04, 0x00, 0x80, 0x00, 0x80, 0x00, 0x60, 0x00,
    0x3f, 0xc0, 0x18, 0x30, 0x1c, 0x18, 0x0c, 0xcc, 0x00, 0x1e, 0x00, 0x06, 0x40, 0x0f, 0x30, 0x0f,
    0x1f, 0xe0, 0x1c, 0x10, 0x0c, 0x0c, 0x0c, 0xc6, 0x00, 0x1f, 0x00, 0x07, 0x00, 0x0f, 0x80, 0x3f,
    0x00, 0x0c, 0x00, 0x00, 0x00, 0x00, 0x0f, 0xff, 0xc0, 0x0c, 0x00, 0x03, 0x00, 0x00, 0xc0, 0x00,
    0x30, 0x00, 0x0c, 0x01, 0xff, 0xfe, 0x00, 0xc0, 0x00, 0x78, 0x00, 0x1a, 0x00, 0x0c, 0xc0, 0x06,
    0x18, 0x03, 0x03, 0x01, 0x80, 0x61, 0xc0, 0x0e, 0x40, 0x00, 0x80, 0x00, 0xc0, 0x00, 0x30, 0x00,
    0x0c, 0x00, 0x03, 0x00, 0x00, 0xc0, 0x00, 0x30, 0x07, 0xff, 0xf8, 0x03, 0x00, 0x01, 0xe0, 0x00,
    0x68, 0x00, 0x13, 0x00, 0x0c, 0xc0, 0x02, 0x18, 0x01, 0xc3, 0x00, 0xd8, 0xe0, 0x63, 0x1c, 0x70,
    0x63, 0x90, 0x00, 0x20, 0x00, 0x80, 0x03, 0x30, 0x00, 0x8c, 0x00, 0x63, 0x00, 0x1f, 0xff, 0x0c,
    0x30, 0x02, 0x0c, 0x01, 0x83, 0x00, 0x00, 0xc0, 0x1f, 0xff, 0xe0, 0x1e, 0x00, 0x07, 0x80, 0x01,
    0x20, 0x00, 0xcc, 0x00, 0x61, 0x80, 0x70, 0x38, 0x70, 0x03, 0x90, 0x00, 0x20, 0x10, 0x10, 0x04,
    0x04, 0x01, 0x03, 0x00, 0x40, 0x88, 0x7e, 0x62, 0x0c, 0xb0, 0x42, 0x6f, 0xf8, 0x9f, 0xfe, 0x26,
    0x00, 0x99, 0x00, 0x06, 0x4f, 0xf0, 0xf3, 0x04, 0x1c, 0xc1, 0x03, 0x30, 0x41, 0xec, 0x10, 0xcb,
    0x04, 0x60, 0xff, 0x10, 0x20, 0x40, 0x01, 0x00, 0x00, 0xc0, 0x00, 0x30, 0x01, 0xff, 0xfe, 0x06,
    0x00, 0x01, 0x00, 0x00, 0xdf, 0xf0, 0x60, 0x1c, 0x18, 0x0c, 0x0e, 0x06, 0x07, 0x81, 0x01, 0x6f,
    0xfe, 0x18, 0x18, 0x06, 0x04, 0x01, 0x81, 0x00, 0x60, 0x40, 0x18, 0x10, 0x06, 0x3c, 0x00, 0x00,
    0x80, 0x00, 0x20, 0x00, 0x0c, 0x00, 0xff, 0xfc, 0x20, 0x01, 0x08, 0x60, 0x40, 0x10, 0x00, 0x0c,
    0x00, 0x7f, 0xff, 0x81, 0x82, 0x00, 0xc1, 0x80, 0x30, 0xc0, 0x0f, 0xa0, 0x00, 0x78, 0x00, 0x1f,
    0x80, 0x1c, 0x38, 0x3c, 0x07, 0x08, 0x00, 0x00, 0x00, 0x80, 0x00, 0x30, 0x00, 0x0c, 0x01, 0xff,
    0xfe, 0x60, 0x01, 0x98, 0x00, 0x62, 0xff, 0xd0, 0x00, 0x00, 0x00, 0x00, 0x00, 0x00, 0x07, 0xff,
    0xf8, 0x08, 0xc0, 0x02, 0x30, 0x01, 0x8c, 0x00, 0x43, 0x08, 0x70, 0xc2, 0x70, 0x1f, 0x80, 0x00,
    0x00, 0x00, 0x80, 0x00, 0x30, 0x00, 0x0c, 0x01, 0xff, 0xfe, 0x60, 0x01, 0x98, 0x00, 0x60, 0xff,
    0xc0, 0x03, 0x00, 0x00, 0xc0, 0x02, 0x30, 0x00, 0x8c, 0x00, 0x23, 0xf8, 0x18, 0xc0, 0x07, 0x30,
    0x03, 0x6c, 0x00, 0x8f, 0x00, 0x60, 0xff, 0x90, 0x00, 0x00, 0x00, 0x80, 0x00, 0x30, 0x00, 0x0c,
    0x00, 0xff, 0xfc, 0x20, 0x01, 0x09, 0x10, 0x40, 0x64, 0x00, 0x01, 0x00, 0x18, 0x40, 0x03, 0x10,
    0x00, 0x0c, 0x01, 0xff, 0xfe, 0x01, 0x80, 0x00, 0x6c, 0x00, 0x31, 0xc0, 0x38, 0x1c, 0x38, 0x03,
    0x88, 0x00, 0x00, 0x00, 0x80, 0x00, 0x30, 0x07, 0xff, 0xf9, 0x80, 0x06, 0x66, 0x11, 0x83, 0x07,
    0x01, 0x8c, 0x60, 0xc7, 0x0c, 0x03, 0x20, 0x01, 0x86, 0x00, 0xc0, 0xc0, 0xff, 0xfc, 0x68, 0x05,
    0x82, 0x01, 0x00, 0x80, 0x40, 0x20, 0x10, 0x0f, 0xfc, 0x02, 0x01, 0x00, 0x00, 0x80, 0x00, 0x30,
    0x07, 0xff, 0xf9, 0x80, 0x06, 0x6c, 0x01, 0x83, 0x00, 0x00, 0xff, 0xf8, 0x30, 0x84, 0x0c, 0x31,
    0x1f, 0xf4, 0xc0, 0x41, 0x20, 0x94, 0x78, 0x25, 0x8c, 0x09, 0x23, 0x06, 0x4d, 0xe1, 0x10, 0xcc,
    0x04, 0xe1, 0x87, 0x00, 0x20, 0x00, 0x00, 0x00, 0x30, 0x00, 0x0c, 0x00, 0x03, 0x00, 0x00, 0xc0,
    0x02, 0x31, 0x01, 0x8c, 0x60, 0x63, 0x08, 0x10, 0xc3, 0x0c, 0x30, 0x43, 0x0c, 0x18, 0x83, 0x06,
    0x60, 0xc0, 0x90, 0x30, 0x20, 0x0c, 0x00, 0x03, 0x00, 0x00, 0xc0, 0x01, 0xe0, 0x00, 0x00, 0xc0,
    0x0c, 0x30, 0xc1, 0x8c, 0x60, 0x23, 0x10, 0x0c, 0xcc, 0x00, 0x30, 0x03, 0xff, 0xf0, 0xc0, 0x04,
    0x30, 0x01, 0x0c, 0xfc, 0x43, 0x21, 0x10, 0xc8, 0x44, 0x32, 0x11, 0x0c, 0xfc, 0x43, 0x20, 0x10,
    0xc8, 0x04, 0x30, 0x03, 0x0c, 0x03, 0xc0, 0x00, 0x00, 0x3f, 0xff, 0x0c, 0x00, 0x43, 0x00, 0x10,
    0xff, 0xfc, 0x31, 0x04, 0x0c, 0x41, 0x03, 0x10, 0xc0, 0xff, 0xfe, 0x31, 0x8c, 0x0c, 0x63, 0x03,
    0x18, 0xc0, 0xbf, 0xfe, 0x21, 0x0c, 0x08, 0xc3, 0x06, 0x20, 0xc1, 0x38, 0x30, 0x48, 0x08, 0x00,
    0x3f, 0xff, 0x0c, 0x00, 0x43, 0x00, 0x10, 0xff, 0xfc, 0x32, 0x60, 0x0d, 0x9f, 0xe3, 0xcc, 0x00,
    0xcf, 0xfc, 0x36, 0x7f, 0x0f, 0x10, 0x43, 0xc7, 0xf0, 0x90, 0xc0, 0x24, 0x7f, 0x19, 0x38, 0x86,
    0x51, 0xc1, 0x13, 0xfe, 0x44, 0xc1, 0x80, 0x00, 0x00, 0x0f, 0xff, 0x80, 0x00, 0x60, 0x00, 0x18,
    0x10, 0x06, 0x04, 0x01, 0x81, 0x00, 0x60, 0x7f, 0xf8, 0x10, 0x06, 0x04, 0x00, 0x01, 0x00, 0x00,
    0x40, 0x02, 0x10, 0x00, 0x84, 0x00, 0x61, 0x00, 0x18, 0x7f, 0xfc, 0x00, 0x00, 0x00, 0x08, 0x08,
    0x02, 0x02, 0x00, 0x80, 0xf8, 0x20, 0x20, 0x7f, 0x08, 0x1a, 0xdf, 0xc4, 0xb4, 0x11, 0x2d, 0x24,
    0x4b, 0x49, 0x12, 0xd2, 0x44, 0xb4, 0x91, 0x2d, 0x24, 0x4b, 0x49, 0x13, 0x96, 0x40, 0x81, 0x40,
    0x21, 0x9c, 0x09, 0xc1, 0x82, 0x00, 0x20, 0x00, 0x00, 0x01, 0x86, 0x07, 0xff, 0xf8, 0x18, 0x60,
    0x1f, 0xfe, 0x04, 0x00, 0x81, 0xff, 0xe0, 0x40, 0x08, 0x1f, 0xfe, 0x00, 0xc0, 0x07, 0xff, 0xf8,
    0x33, 0x30, 0x18, 0xc6, 0x0f, 0xff, 0xe6, 0x8c, 0x68, 0x23, 0x18, 0x08, 0xdc, 0x00, 0x20, 0x00,
    0x04, 0x00, 0x03, 0x00, 0x00, 0xc0, 0x00, 0x7f, 0xfc, 0x18, 0x60, 0x0c, 0x18, 0x06, 0x06, 0x00,
    0x3f, 0xfc, 0x08, 0x60, 0x02, 0x18, 0x00, 0x86, 0x00, 0x21, 0x80, 0x7f, 0xff, 0x80, 0x18, 0x00,
    0x06, 0x00, 0x01, 0x80, 0x00, 0x60, 0x00, 0x10, 0x00, 0x00, 0x40, 0x00, 0x10, 0x00, 0x06, 0x00,
    0xff, 0xfe, 0x20, 0x00, 0x09, 0xff, 0x82, 0x00, 0xc0, 0x86, 0x60, 0x20, 0xf0, 0x08, 0x0c, 0x02,
    0xff, 0xf8, 0x80, 0x84, 0x20, 0x23, 0x08, 0x09, 0x86, 0x02, 0x01, 0x80, 0x80, 0x40, 0x20, 0x10,
    0x78, 0x00, 0x00, 0x00, 0x00, 0x40, 0x00, 0x10, 0x00, 0x06, 0x00, 0xff, 0xfe, 0x30, 0x00, 0x0c,
    0x00, 0x03, 0x04, 0x30, 0xd1, 0x0c, 0x36, 0x62, 0x0d, 0x88, 0x82, 0x22, 0x60, 0x8c, 0x90, 0x23,
    0x2c, 0x08, 0x02, 0x02, 0x01, 0x81, 0x80, 0x60, 0x4f, 0xff, 0x90, 0x00, 0x00, 0x00, 0x40, 0x00,
    0x18, 0x03, 0xff, 0xf8, 0xc0, 0x00, 0x31, 0x04, 0x0c, 0x41, 0x03, 0xff, 0xf8, 0xc4, 0x10, 0x31,
    0x04, 0x0c, 0x7f, 0x03, 0x00, 0x00, 0xbf, 0xf8, 0x23, 0x06, 0x08, 0x63, 0x06, 0x0f, 0x81, 0x83,
    0xe0, 0x4f, 0x8f, 0x92, 0x00, 0x60, 0x00, 0x00, 0x0f, 0xff, 0xe0, 0x60, 0x80, 0x18, 0x20, 0x06,
    0x08, 0x01, 0x82, 0x00, 0x60, 0x81, 0xff, 0xfe, 0x06, 0x08, 0x01, 0x02, 0x00, 0x40, 0x80, 0x30,
    0x20, 0x0c, 0x08, 0x06, 0x02, 0x03, 0x00, 0x81, 0x80, 0x20, 0x00, 0x08, 0x00, 0x00, 0x00, 0x0f,
    0x90, 0x40, 0x64, 0x30, 0x19, 0x18, 0x06, 0x4c, 0x0f, 0x96, 0x02, 0x05, 0x00, 0x81, 0x00, 0x21,
    0xff, 0x88, 0x12, 0x03, 0xe4, 0xc0, 0x19, 0x10, 0x06, 0x44, 0x01, 0x11, 0x80, 0x44, 0xb0, 0x11,
    0xe6, 0x3c, 0xe0, 0x80, 0x00, 0x00, 0x00, 0xc0, 0x0c, 0x30, 0xc1, 0x0c, 0x20, 0x63, 0x18, 0x08,
    0xc4, 0x03, 0x33, 0x00, 0x0c, 0x00, 0xff, 0xfc, 0x00, 0x03, 0x00, 0x00, 0xc0, 0x00, 0x30, 0x7f,
    0xfc, 0x00, 0x03, 0x00, 0x00, 0xc0, 0x00, 0x30, 0x00, 0x0c, 0x3f, 0xff, 0x00, 0x00, 0xc0, 0x00,
    0x10, 0x02, 0x04, 0x01, 0x81, 0x00, 0xc7, 0xfc, 0x60, 0x10, 0x03, 0x04, 0x00, 0x81, 0x00, 0x6f,
    0xfe, 0x38, 0x06, 0x1e, 0x01, 0x85, 0xbf, 0xf8, 0x60, 0x18, 0x18, 0x86, 0x06, 0x31, 0x81, 0x84,
    0x60, 0x61, 0x98, 0x18, 0x06, 0x06, 0x07, 0x00, 0x00, 0x00, 0x03, 0x00, 0x00, 0x60, 0x00, 0x0c,
    0x00, 0x01, 0x80, 0x00, 0x30, 0x01, 0x80, 0x03, 0x60, 0x20, 0xd8, 0x0c, 0x26, 0x01, 0x09, 0x80,
    0x66, 0x60, 0x19, 0x98, 0x12, 0x46, 0x04, 0x81, 0x81, 0x00, 0x60, 0xc0, 0x0f, 0xe0, 0x00, 0x00,
    0x00, 0x00, 0x80, 0x00, 0x30, 0x00, 0x0c, 0x01, 0xff, 0xfe, 0x18, 0x00, 0x06, 0x00, 0x01, 0x80,
    0x00, 0x60, 0x00, 0x1f, 0xff, 0x00, 0x00, 0x00, 0x08, 0x00, 0x13, 0x08, 0x34, 0x63, 0x09, 0x08,
    0x46, 0x40, 0x59, 0x10, 0x12, 0x07, 0xfc, 0x00, 0x00, 0x00, 0x10, 0x10, 0x04, 0x04, 0x01, 0x01,
    0x80, 0x70, 0x00, 0x5f, 0xff, 0x95, 0xb0, 0x05, 0x2c, 0x01, 0x43, 0x00, 0x50, 0xc0, 0x04, 0x30,
    0x01, 0x0c, 0x00, 0x43, 0x00, 0x10, 0xc0, 0x04, 0x30, 0x01, 0x0c, 0x00, 0x43, 0xfe, 0x10, 0x00,
    0x04, 0x00, 0x00, 0x00, 0xc0, 0x00, 0x20, 0x01, 0xff, 0xe0, 0x60, 0x18, 0x18, 0x06, 0x07, 0xff,
    0x81, 0x80, 0x60, 0x7f, 0xf8, 0x18, 0x06, 0x06, 0x01, 0x81, 0xff, 0xe0, 0x02, 0x00, 0x04, 0xc2,
    0x0d, 0x18, 0xc2, 0x40, 0x59, 0x90, 0x36, 0x47, 0xf8, 0x00, 0x00, 0x00, 0x08, 0x00, 0x03, 0x1f,
    0xc0, 0xc4, 0x11, 0xff, 0x04, 0x0c, 0x7f, 0x07, 0x10, 0x41, 0xe4, 0x10, 0xf5, 0xfc, 0x6c, 0x41,
    0x13, 0x10, 0x40, 0xc7, 0xf0, 0x02, 0x00, 0x24, 0xc3, 0x09, 0x18, 0xc2, 0x40, 0xd9, 0x98, 0x22,
    0x07, 0xf8, 0x00, 0x00, 0x00, 0x00, 0x20, 0x00, 0x0b, 0x80, 0x02, 0x30, 0x00, 0x84, 0x3f, 0xff,
    0x8c, 0x08, 0x03, 0x03, 0x00, 0xc0, 0xcc, 0x3f, 0x33, 0x0c, 0x4c, 0x83, 0x11, 0x60, 0xc4, 0x70,
    0x21, 0x18, 0x08, 0x46, 0x22, 0xf3, 0x89, 0x83, 0xb2, 0x41, 0x87, 0x80, 0x00, 0x00, 0x00, 0x20,
    0x01, 0xed, 0x07, 0xe3, 0x20, 0x10, 0xcc, 0x04, 0x31, 0x01, 0x0c, 0x07, 0xff, 0xf8, 0x10, 0xc0,
    0x04, 0x11, 0x01, 0x04, 0xc0, 0x7d, 0x61, 0xfc, 0x70, 0x74, 0x1c, 0x01, 0x06, 0x20, 0x43, 0x88,
    0x13, 0xb2, 0x05, 0x86, 0x8f, 0x00, 0xe0, 0x00, 0x00, 0x00, 0x06, 0x00, 0x7f, 0x83, 0xfc, 0x00,
    0x03, 0x00, 0x00, 0xc0, 0x00, 0x30, 0x03, 0xff, 0xf0, 0x03, 0x00, 0x00, 0xc0, 0x00, 0x30, 0x07,
    0xff, 0xf8, 0x03, 0x00, 0x00, 0xc0, 0x00, 0x30, 0x00, 0x0c, 0x00, 0x03, 0x00, 0x07, 0x80, 0x00,
    0x00, 0x00, 0x10, 0x00, 0x06, 0x7f, 0xc1, 0x8c, 0x30, 0x61, 0x18, 0x7e, 0x2c, 0x06, 0x06, 0x01,
    0x87, 0xc0, 0x67, 0x1e, 0x1b, 0x11, 0x87, 0x06, 0x07, 0x9f, 0xf0, 0x60, 0x60, 0x18, 0x18, 0x06,
    0xff, 0xe1, 0x81, 0x80, 0x60, 0x60, 0x18, 0x18, 0x1c, 0x06, 0x00, 0x00, 0x00, 0x10, 0x10, 0x04,
    0x06, 0x01, 0x01, 0x80, 0x47, 0xfc, 0x10, 0x18, 0x1f, 0x06, 0x01, 0x01, 0x80, 0x4f, 0xfe, 0x10,
    0x02, 0x07, 0x00, 0x87, 0x9f, 0xf9, 0x40, 0x08, 0x10, 0xc2, 0x04, 0x10, 0x81, 0x06, 0x20, 0x40,
    0x88, 0x10, 0x06, 0x1c, 0x07, 0x80, 0x00, 0x00, 0x10, 0x10, 0x06, 0x06, 0x01, 0x81, 0x80, 0x67,
    0xfc, 0x7e, 0x18, 0x06, 0x06, 0x01, 0x81, 0x80, 0x67, 0xfe, 0x18, 0x00, 0x07, 0x86, 0x07, 0x81,
    0x80, 0x67, 0xfe, 0x18, 0x18, 0x06, 0x06, 0x01, 0x81, 0x80, 0x60, 0x60, 0x73, 0xff, 0x80, 0x00,
    0x00, 0x18, 0x80, 0x06, 0x20, 0x01, 0x89, 0xf0, 0x63, 0xe0, 0x7e, 0x80, 0x86, 0x20, 0x21, 0x8c,
    0x18, 0x63, 0xfc, 0x1a, 0x00, 0x0f, 0xbf, 0xe7, 0x88, 0x19, 0x62, 0x06, 0x18, 0x81, 0x86, 0x3f,
    0xe1, 0x88, 0x18, 0x62, 0x06, 0x18, 0xff, 0x9c, 0x20, 0x40, 0x00, 0x00, 0x10, 0x10, 0x06, 0x04,
    0x01, 0x81, 0x80, 0x67, 0xfe, 0x19, 0x00, 0x9f, 0xcc, 0x21, 0x92, 0x08, 0x60, 0x80, 0x1b, 0xff,
    0x87, 0x90, 0x83, 0xec, 0x61, 0xe2, 0x18, 0x18, 0xc4, 0x06, 0x1f, 0x01, 0x81, 0xc0, 0x60, 0xf8,
    0x19, 0xe3, 0x1c, 0x60, 0x60, 0x00, 0x00, 0x10, 0x20, 0x04, 0x18, 0x01, 0x0f, 0xe0, 0x42, 0x18,
    0x7d, 0x8c, 0x04, 0xff, 0xc1, 0x19, 0x30, 0x46, 0x4c, 0x11, 0x93, 0x07, 0x64, 0xc7, 0x99, 0x31,
    0x4f, 0xfe, 0x10, 0x38, 0x04, 0x1a, 0x01, 0x04, 0x40, 0x43, 0x18, 0x13, 0x03, 0x9d, 0x80, 0x60,
    0x00, 0x00, 0x10, 0x00, 0x04, 0x04, 0x01, 0x1f, 0xf8, 0x40, 0x00, 0x7c, 0xc6, 0x04, 0x11, 0x01,
    0x04, 0xc0, 0x4f, 0xfe, 0x10, 0x20, 0x07, 0x08, 0x07, 0xbf, 0xf9, 0x43, 0x18, 0x10, 0x86, 0x04,
    0x7b, 0x01, 0x07, 0xc0, 0x40, 0xf8, 0x13, 0xe3, 0x1c, 0x80, 0x40, 0x00, 0x00, 0x10, 0x40, 0x04,
    0x12, 0x01, 0x0c, 0xc0, 0x42, 0x30, 0x7d, 0xff, 0x86, 0x62, 0x01, 0x38, 0x80, 0x4e, 0x20, 0x12,
    0xff, 0x87, 0x22, 0x07, 0x88, 0x80, 0x43, 0xfe, 0x10, 0x88, 0x04, 0x22, 0x01, 0x08, 0x80, 0x43,
    0xfe, 0x10, 0x80, 0x1c, 0x20, 0x00, 0x00, 0x00, 0x10, 0x00, 0x04, 0x7f, 0xc1, 0x18, 0x10, 0x47,
    0xfc, 0x7d, 0x81, 0x04, 0x60, 0x41, 0x1f, 0xf0, 0x40, 0x00, 0x10, 0x00, 0x07, 0xff, 0xe7, 0xc1,
    0x01, 0x46, 0x40, 0x11, 0x9f, 0x04, 0x64, 0x01, 0x1d, 0x00, 0x4d, 0xc0, 0x16, 0x3f, 0x9c, 0x00,
    0x00, 0x10, 0x00, 0x04, 0x07, 0xc1, 0x1f, 0xc0, 0x40, 0x60, 0x7c, 0x18, 0x04, 0x7f, 0xe1, 0x01,
    0x80, 0x41, 0x60, 0x11, 0xdf, 0x87, 0x46, 0x67, 0x91, 0x99, 0xc4, 0x66, 0x11, 0xff, 0x84, 0x46,
    0x61, 0x11, 0x98, 0x44, 0x66, 0x11, 0xff, 0x9c, 0x40, 0x60, 0x10, 0x00, 0x04, 0x0f, 0xc1, 0x1f,
    0x80, 0x42, 0x48, 0x7c, 0xd6, 0x04, 0xff, 0xe1, 0x07, 0xc0, 0x43, 0x58, 0x1d, 0x93, 0x1f, 0xc4,
    0x67, 0x3f, 0xf8, 0x46, 0x44, 0x11, 0x91, 0x04, 0x7f, 0xc1, 0x19, 0x10, 0x46, 0x44, 0x11, 0xff,
    0x1c, 0x40, 0x40, 0x00, 0x00, 0x00, 0xc0, 0x00, 0x30, 0x00, 0x0c, 0x01, 0xff, 0xfe, 0x00, 0xc0,
    0x00, 0x30, 0x00, 0x0c, 0x00, 0x03, 0x00, 0x3f, 0xfe, 0x02, 0x01, 0x00, 0xc0, 0xc0, 0x18, 0x60,
    0x03, 0x30, 0x00, 0x78, 0x00, 0x1e, 0x00, 0x3c, 0xf0, 0x7c, 0x0f, 0x98, 0x00, 0x20, 0x02, 0x20,
    0x00, 0x8c, 0x02, 0x22, 0x00, 0x89, 0x80, 0x22, 0x7f, 0x88, 0x98, 0xc2, 0x2e, 0x30, 0x8b, 0x88,
    0x23, 0xa2, 0x08, 0x8d, 0x82, 0x21, 0x40, 0xb8, 0x70, 0x7e, 0x0c, 0x18, 0x87, 0x00, 0x23, 0x60,
    0x09, 0x8c, 0x02, 0xc1, 0x80, 0xa0, 0x00, 0x00, 0x10, 0x00, 0x0c, 0x07, 0xf3, 0x00, 0x0c, 0x80,
    0x03, 0x3f, 0x80, 0xd8, 0xc0, 0x36, 0x30, 0xff, 0x88, 0x20, 0xb2, 0x08, 0x05, 0x82, 0x01, 0x40,
    0x80, 0x70, 0x20, 0x0c, 0x09, 0xc7, 0x07, 0xe3, 0x61, 0xc1, 0x8c, 0x00, 0xc1, 0x80, 0x20, 0x20,
    0x08, 0x10, 0x02, 0x04, 0x00, 0xc3, 0x00, 0x30, 0xc0, 0x7f, 0xbf, 0x84, 0x08, 0x41, 0x07, 0x30,
    0x7d, 0xcc, 0x11, 0xd2, 0x04, 0x45, 0x81, 0x11, 0xe0, 0x44, 0x30, 0x31, 0x0c, 0x0c, 0xc7, 0x02,
    0x33, 0x61, 0x8d, 0x8e, 0x4e, 0xc1, 0x80, 0x00, 0x00, 0x04, 0x00, 0x09, 0x24, 0x03, 0x51, 0x00,
    0x14, 0x40, 0x7f, 0xff, 0x83, 0x8c, 0xc1, 0xfb, 0x31, 0x93, 0xc8, 0x44, 0x52, 0x02, 0x02, 0x87,
    0xf8, 0xe0, 0x44, 0x30, 0x33, 0x0c, 0x07, 0x83, 0x80, 0xe1, 0x20, 0x7c, 0xcc, 0x70, 0xe1, 0x80,
    0x00, 0x00, 0x04, 0x10, 0x01, 0x04, 0x07, 0xfb, 0xf8, 0x10, 0xcc, 0x7f, 0xf3, 0x19, 0x22, 0x83,
    0xf8, 0xc0, 0x78, 0x38, 0x3d, 0xbb, 0x19, 0x18, 0x60, 0x00, 0x00, 0xff, 0xfc, 0x00, 0xc0, 0x02,
    0x3f, 0x80, 0x8c, 0x00, 0x23, 0x00, 0x7f, 0xff, 0x80, 0x00, 0x00, 0x00, 0x80, 0x00, 0x30, 0x00,
    0x0c, 0x00, 0x01, 0x00, 0x7f, 0xff, 0x82, 0x01, 0x00, 0xc0, 0xc0, 0x10, 0x20, 0x06, 0x18, 0x00,
    0xcc, 0x00, 0x13, 0x00, 0x07, 0x80, 0x00, 0xc0, 0x00, 0xfc, 0x00, 0x73, 0x80, 0x70, 0x38, 0x70,
    0x03, 0x90, 0x00, 0x20, 0x08, 0x02, 0x02, 0x00, 0x84, 0xb6, 0x21, 0xa8, 0xc8, 0x2a, 0x1a, 0x0a,
    0x80, 0x80, 0x80, 0x21, 0xff, 0x08, 0x18, 0x72, 0x07, 0x04, 0x83, 0xe0, 0x20, 0xa8, 0x1e, 0x6b,
    0xfe, 0x12, 0x30, 0x84, 0x80, 0x20, 0x20, 0x08, 0x08, 0x02, 0x02, 0x00, 0x80, 0x08, 0x00, 0x03,
    0x01, 0xc7, 0xfb, 0xc0, 0x04, 0x80, 0x33, 0x20, 0x04, 0xc8, 0x01, 0x22, 0x01, 0xfe, 0xfe, 0x0c,
    0x22, 0x03, 0x08, 0x87, 0xfa, 0x20, 0x30, 0x88, 0x2d, 0x22, 0x0b, 0x58, 0x84, 0xce, 0x21, 0x31,
    0x08, 0x1c, 0xc2, 0x00, 0x00, 0x80, 0x00, 0x00, 0x0f, 0xff, 0xc0, 0x08, 0x00, 0x02, 0x00, 0x00,
    0x80, 0x00, 0x20, 0x07, 0xff, 0xf8, 0x07, 0x80, 0x01, 0xe0, 0x00, 0x58, 0x00, 0x36, 0x00, 0x09,
    0x80, 0x06, 0x60, 0x83, 0x18, 0x21, 0x86, 0x09, 0xc1, 0xfe, 0x40, 0x00, 0x00, 0x00, 0x00, 0x07,
    0xff, 0x81, 0x80, 0x20, 0x60, 0x08, 0x18, 0x02, 0x06, 0x00, 0x81, 0x80, 0x20, 0x7f, 0xf8, 0x18,
    0x06, 0x06, 0x00, 0x81, 0x80, 0x20, 0x60, 0x08, 0x18, 0x02, 0x06, 0x00, 0x81, 0xff, 0xe0, 0x60,
    0x18, 0x00, 0x00, 0x00, 0x00, 0x02, 0x00, 0x00, 0x87, 0xe0, 0x21, 0x88, 0x08, 0x62, 0xff, 0x98,
    0x80, 0x86, 0x20, 0x21, 0xf9, 0x08, 0x62, 0x62, 0x18, 0x88, 0x86, 0x23, 0x21, 0x88, 0x48, 0x62,
    0x02, 0x1f, 0x80, 0x86, 0x00, 0x20, 0x00, 0x08, 0x00, 0x3e, 0x00, 0x00, 0x00, 0x1f, 0xfe, 0x04,
    0x00, 0x81, 0x00, 0x20, 0x7f, 0xf8, 0x10, 0x02, 0x04, 0x00, 0x81, 0xff, 0xe0, 0x20, 0x00, 0x18,
    0xc0, 0x07, 0xff, 0xc3, 0x0c, 0x01, 0x83, 0x00, 0x1f, 0xfe, 0x00, 0x30, 0x00, 0x0c, 0x01, 0xff,
    0xfe, 0x00, 0x00, 0x00, 0x1f, 0xfe, 0x04, 0x00, 0x81, 0x00, 0x20, 0x7f, 0xf8, 0x10, 0x02, 0x04,
    0x00, 0x81, 0xff, 0xe0, 0x00, 0x00, 0x03, 0x30, 0x0c, 0xcc, 0xc1, 0x33, 0x20, 0x6c, 0xd8, 0x0b,
    0x3c, 0x02, 0xcc, 0x00, 0x33, 0x01, 0xff, 0xfe, 0x08, 0x00, 0x02, 0x01, 0xc7, 0xfb, 0xe0, 0x40,
    0x80, 0x26, 0x20, 0x1f, 0xef, 0xe0, 0x62, 0x20, 0x1e, 0x88, 0x7f, 0xe2, 0x01, 0x90, 0x80, 0x40,
    0x20, 0x7f, 0xf8, 0x10, 0x02, 0x07, 0xff, 0x81, 0x00, 0x20, 0x40, 0x08, 0x1f, 0xfe, 0x04, 0x00,
    0x80, 0x01, 0x00, 0x00, 0x40, 0x00, 0x30, 0x01, 0xff, 0xfe, 0x06, 0x00, 0x01, 0x00, 0x00, 0xff,
    0xe0, 0x30, 0x18, 0x1c, 0x06, 0x0d, 0x01, 0x86, 0x7f, 0xe1, 0x10, 0x18, 0x04, 0x06, 0x01, 0xff,
    0x80, 0x40, 0x60, 0x10, 0x18, 0x04, 0x06, 0x01, 0x07, 0x00, 0x00, 0x00, 0x00, 0x00, 0x0c, 0x4f,
    0xe3, 0x13, 0x19, 0xff, 0xc6, 0x31, 0x31, 0x8c, 0x4c, 0x63, 0xf3, 0xf8, 0xc4, 0xc6, 0x31, 0x31,
    0x8f, 0xcc, 0x63, 0x13, 0xf8, 0xc4, 0xc6, 0x7f, 0xe1, 0x84, 0x08, 0x63, 0x32, 0x18, 0x85, 0x86,
    0x60, 0x47, 0x80, 0x00, 0x00, 0x00, 0x80, 0x00, 0x30, 0x00, 0x0c, 0x00, 0x03, 0x00, 0x3f, 0xff,
    0x00, 0x30, 0x00, 0x0c, 0x00, 0x03, 0x00, 0x7f, 0xff, 0x80, 0x78, 0x00, 0x1e, 0x00, 0x0b, 0x40,
    0x06, 0xd8, 0x07, 0x33, 0x83, 0x8c, 0x71, 0x83, 0x06, 0x00, 0xc0, 0x00, 0x30, 0x00, 0x00, 0x80,
    0x00, 0x30, 0x00, 0x0c, 0x00, 0x03, 0x00, 0x00, 0xc0, 0x1f, 0xff, 0xe0, 0x3e, 0x00, 0x0b, 0xc0,
    0x06, 0xd8, 0x01, 0x32, 0x00, 0xcc, 0xc0, 0x63, 0x18, 0x30, 0xc3, 0x1b, 0xff, 0x60, 0x0c, 0x00,
    0x03, 0x00, 0x00, 0xc0, 0x00, 0x30, 0x00, 0x08, 0x00, 0x02, 0x1f, 0x80, 0x84, 0x20, 0x21, 0x08,
    0x08, 0x42, 0x1f, 0xd0, 0x80, 0x84, 0x20, 0x61, 0x08, 0x1c, 0x42, 0x0f, 0x90, 0x82, 0xb4, 0x21,
    0xa1, 0x08, 0x48, 0xc2, 0x12, 0x20, 0xb0, 0x88, 0x2c, 0x26, 0x0b, 0x0b, 0x03, 0x80, 0x00, 0x00,
    0x00, 0x00, 0x00, 0x30, 0x00, 0x0c, 0x00, 0xff, 0xfc, 0x00, 0xc0, 0x02, 0x31, 0x80, 0xcc, 0x40,
    0x13, 0x30, 0x04, 0xc8, 0x1f, 0xff, 0xe0, 0x1e, 0x00, 0x0f, 0xc0, 0x06, 0xd8, 0x03, 0x33, 0x01,
    0x8c, 0x61, 0xc3, 0x0e, 0x40, 0xc0, 0x80, 0x30, 0x00, 0x08, 0x00, 0x02, 0x03, 0xc0, 0x8f, 0xc0,
    0x22, 0x00, 0x7e, 0x80, 0x06, 0x20, 0x01, 0x8f, 0xf0, 0x73, 0x84, 0x3e, 0xa3, 0x0e, 0xe8, 0xc2,
    0x9b, 0x21, 0x26, 0x58, 0x49, 0x9c, 0x02, 0x43, 0x00, 0x91, 0xe0, 0x2c, 0xdc, 0x0a, 0xe3, 0x82,
    0xa0, 0x20, 0x00, 0x80, 0x00, 0x30, 0x00, 0x0c, 0x01, 0xff, 0xfe, 0x03, 0xe0, 0x01, 0xb6, 0x00,
    0xcc, 0xc0, 0x63, 0x18, 0x70, 0x03, 0x93, 0xff, 0x00, 0x80, 0x40, 0x3f, 0xf0, 0x08, 0x04, 0x02,
    0x01, 0x00, 0xff, 0xc0, 0x00, 0x00, 0x7f, 0xff, 0x80, 0x00, 0x00, 0x00, 0x80, 0x00, 0x30, 0x07,
    0xff, 0xf9, 0x84, 0x06, 0x01, 0x00, 0x1f, 0xff, 0xe0, 0x41, 0x80, 0x30, 0xc0, 0x07, 0xf0, 0x01,
    0xff, 0x87, 0xcc, 0x70, 0x03, 0x00, 0x7f, 0xff, 0x80, 0x78, 0x00, 0x6d, 0x80, 0x73, 0x38, 0x70,
    0xc3, 0x80, 0x30, 0x00, 0x08, 0x10, 0x06, 0x06, 0x01, 0x99, 0x98, 0x62, 0x64, 0x18, 0x9b, 0x1f,
    0xb6, 0x81, 0x81, 0x80, 0x77, 0xfe, 0x3c, 0x01, 0x8e, 0x80, 0x63, 0x80, 0x19, 0x67, 0xfe, 0x58,
    0x01, 0x96, 0x00, 0x61, 0x80, 0x18, 0x67, 0xfe, 0x18, 0x01, 0x82, 0x00, 0x00, 0x0c, 0x08, 0x03,
    0x02, 0x07, 0xff, 0xf8, 0x70, 0x70, 0x1e, 0x1e, 0x0f, 0x5a, 0xc6, 0xcc, 0x98, 0x30, 0x20, 0x01,
    0x80, 0x00, 0xff, 0x80, 0xc0, 0x40, 0xe0, 0x30, 0x23, 0x18, 0x00, 0x7c, 0x00, 0x0e, 0x00, 0x1e,
    0x00, 0x3e, 0x00, 0x0c, 0x00, 0x00, 0x10, 0x44, 0x04, 0x11, 0x81, 0x3f, 0xf8, 0x41, 0x10, 0x7c,
    0x44, 0x06, 0x7f, 0xc1, 0x90, 0x10, 0xe7, 0xfc, 0x3d, 0x01, 0x0f, 0x40, 0x47, 0x1f, 0xf1, 0x40,
    0x40, 0x53, 0xff, 0x84, 0x0e, 0x01, 0x06, 0xc0, 0x43, 0x18, 0x13, 0x83, 0x84, 0x80, 0x20, 0x00,
    0x80, 0x00, 0x20, 0x06, 0x08, 0x00, 0xc6, 0x00, 0x19, 0xff, 0x80, 0x40, 0x40, 0x33, 0x10, 0x08,
    0xcc, 0x02, 0x32, 0x02, 0x0c, 0x00, 0x83, 0x00, 0x61, 0xe0, 0x30, 0x68, 0x08, 0x33, 0x06, 0x18,
    0x61, 0x0c, 0x1c, 0x06, 0x03, 0x81, 0x00, 0x00, 0x00, 0xc0, 0x00, 0x30, 0x00, 0x8c, 0x00, 0x23,
    0xf8, 0x08, 0xc0, 0x02, 0x30, 0x07, 0xff, 0xf8, 0x03, 0x00, 0x04, 0xc2, 0x03, 0x31, 0x81, 0x8c,
    0x40, 0xc3, 0x30, 0x20, 0xd8, 0x00, 0x1c, 0x00, 0x1c, 0x00, 0x3e, 0x00, 0x7c, 0x00, 0x00, 0x00,
    0x00, 0x00, 0x80, 0x00, 0x30, 0x07, 0xff, 0xf8, 0x00, 0x00, 0x1f, 0xfe, 0x06, 0x01, 0x81, 0xff,
    0xe0, 0x00, 0x00, 0x7f, 0xff, 0x98, 0x06, 0x26, 0xfe, 0x08, 0x02, 0x38, 0x3f, 0xfe, 0x00, 0x23,
    0xc3, 0xff, 0xc0, 0x02, 0x02, 0x00, 0xff, 0x80, 0x00, 0x00, 0x03, 0x00, 0x00, 0x80, 0x00, 0x7f,
    0xfe, 0x10, 0x00, 0x0f, 0xff, 0x86, 0x00, 0x01, 0x00, 0x00, 0x1f, 0xfc, 0x00, 0x01, 0x00, 0x00,
    0x40, 0x00, 0x10, 0x00, 0x04, 0x00, 0x01, 0x00, 0x00, 0x60, 0x00, 0x1a, 0x00, 0x03, 0x80, 0x00,
    0x60, 0x00, 0x10, 0x0c, 0x0c, 0x01, 0x83, 0x00, 0x0f, 0xfe, 0x00, 0x30, 0x00, 0x0c, 0x06, 0x33,
    0x10, 0xcc, 0xc4, 0x03, 0x31, 0x00, 0xcc, 0x40, 0x33, 0x10, 0x2f, 0xfc, 0x18, 0x31, 0x04, 0x0c,
    0x43, 0x03, 0x08, 0x80, 0xc2, 0x60, 0x30, 0x80, 0x07, 0xe0, 0x00, 0x00, 0x0c, 0x3f, 0x01, 0x88,
    0x40, 0x02, 0x10, 0x00, 0x84, 0x00, 0x61, 0x06, 0x30, 0x78, 0xd8, 0x00, 0x10, 0x00, 0x00, 0xff,
    0xc0, 0x18, 0x20, 0x22, 0x18, 0x18, 0xcc, 0x04, 0x1e, 0x03, 0x03, 0x80, 0x83, 0xf0, 0x67, 0x87,
    0x81, 0x00, 0x60, 0x00, 0x10, 0x0c, 0x04, 0x01, 0xc1, 0x00, 0x00, 0x40, 0x01, 0xff, 0x00, 0x04,
    0x06, 0x01, 0x00, 0xc0, 0x40, 0x18, 0x10, 0x00, 0xff, 0xe0, 0x03, 0x00, 0x31, 0x80, 0x08, 0x44,
    0x06, 0x31, 0x81, 0x08, 0x30, 0xc7, 0xfc, 0x61, 0xe1, 0x80, 0x00, 0x00, 0x00, 0x01, 0x08, 0x60,
    0x63, 0x08, 0x18, 0x62, 0x36, 0x07, 0xfd, 0x80, 0x13, 0x64, 0x04, 0xd9, 0x89, 0x36, 0x33, 0xcd,
    0x80, 0x73, 0x60, 0x18, 0xd8, 0x43, 0x36, 0x11, 0xcd, 0x84, 0x5b, 0x63, 0x32, 0x18, 0x98, 0x86,
    0x64, 0x01, 0x80, 0x01, 0xc0, 0x20, 0x00, 0x0e, 0xff, 0xe1, 0xa0, 0x18, 0x08, 0x06, 0x02, 0x4d,
    0x80, 0x31, 0x86, 0x18, 0x21, 0xcc, 0x0c, 0x12, 0x31, 0x00, 0x0c, 0x00, 0x3f, 0xf8, 0x21, 0xe0,
    0x18, 0xfc, 0x04, 0x2d, 0x03, 0x1b, 0x20, 0x9c, 0xc6, 0x64, 0x30, 0x00, 0x04, 0x00, 0x00, 0x00,
    0x0c, 0xff, 0xc1, 0xf0, 0x30, 0x0c, 0x0c, 0x03, 0xff, 0x00, 0xc0, 0xc6, 0x30, 0x30, 0xcf, 0xfc,
    0x10, 0x00, 0x00, 0xc2, 0x00, 0x30, 0x98, 0x3f, 0xbc, 0x1b, 0x0c, 0x06, 0xc2, 0x03, 0x30, 0x88,
    0x8d, 0xa2, 0x63, 0xef, 0x80, 0x80, 0x00, 0x08, 0x00, 0x02, 0x00, 0x00, 0x8f, 0xf8, 0x20, 0x30,
    0x29, 0x04, 0x0a, 0xc1, 0x06, 0xa0, 0x41, 0xb8, 0x10, 0x48, 0x04, 0x02, 0x01, 0x00, 0x80, 0x40,
    0x70, 0x10, 0x1e, 0x04, 0x04, 0x81, 0x03, 0x30, 0x41, 0x80, 0x10, 0x60, 0x7c, 0x00, 0x00, 0x00,
    0x0c, 0x08, 0x03, 0x02, 0x80, 0xf8, 0x90, 0x62, 0x20, 0x3d, 0xff, 0x99, 0xc3, 0x05, 0x31, 0xc0,
    0x68, 0x70, 0x0e, 0x16, 0x03, 0x0c, 0x81, 0x86, 0x31, 0xc3, 0x06, 0x01, 0x80, 0x84, 0x00, 0x83,
    0x33, 0x30, 0x8c, 0xc4, 0x63, 0x11, 0x90, 0x04, 0x20, 0x3e, 0xff, 0x88, 0x8c, 0x62, 0x23, 0x10,
    0x89, 0x84, 0x22, 0xcf, 0x0f, 0x80, 0x02, 0x2f, 0xf0, 0x8b, 0x04, 0x22, 0x81, 0x08, 0xa0, 0x43,
    0xec, 0x10, 0x83, 0xfc, 0x10, 0x02, 0x0c, 0xcc, 0xc3, 0x33, 0x11, 0x8c, 0x46, 0x40, 0x10, 0x80,
    0x00, 0x20, 0x06, 0x08, 0x01, 0x82, 0x00, 0x60, 0x80, 0x18, 0x20, 0x07, 0xff, 0xc1, 0x80, 0x00,
    0x60, 0x00, 0x18, 0x00, 0x06, 0x00, 0x01, 0xff, 0x80, 0x40, 0x20, 0x10, 0x08, 0x0c, 0x02, 0x03,
    0x00, 0x81, 0x80, 0x20, 0x60, 0x08, 0x10, 0x02, 0x00, 0x3f, 0xff, 0x00, 0x06, 0x00, 0x81, 0x80,
    0x60, 0x60, 0x18, 0x18, 0x04, 0x06, 0x01, 0x01, 0x80, 0xff, 0xfe, 0x00, 0x78, 0x00, 0x16, 0x00,
    0x1d, 0x80, 0x0e, 0x60, 0x06, 0x18, 0x07, 0x06, 0x07, 0x81, 0x81, 0x80, 0x60, 0x00, 0x70, 0x00,
    0x00, 0x00, 0x08, 0x00, 0x0a, 0x18, 0x02, 0x84, 0x01, 0xa1, 0x00, 0x7e, 0xff, 0x92, 0x24, 0xa4,
    0x9b, 0x69, 0x24, 0x92, 0x08, 0x24, 0x83, 0x9b, 0x67, 0xcc, 0x99, 0x22, 0x26, 0x09, 0x91, 0x82,
    0x0c, 0x40, 0x82, 0x10, 0x21, 0x8c, 0x08, 0xcf, 0x02, 0x00, 0x00, 0x00, 0x00, 0x1f, 0xbf, 0xc1,
    0x80, 0x00, 0x60, 0x00, 0x18, 0x00, 0x06, 0x00, 0x07, 0xff, 0xf8, 0x61, 0x90, 0x18, 0x64, 0x06,
    0x19, 0x01, 0x84, 0x40, 0x79, 0x10, 0x7e, 0xc4, 0x18, 0x21, 0x30, 0x18, 0x48, 0x1c, 0x1e, 0x00,
    0x00, 0x00, 0x01, 0xff, 0x9f, 0xe6, 0x61, 0x19, 0x98, 0x46, 0x66, 0x11, 0xff, 0x84, 0x66, 0x67,
    0xd9, 0x98, 0x66, 0x66, 0x11, 0xff, 0x84, 0x06, 0x01, 0x01, 0x80, 0x47, 0xfe, 0x1c, 0x18, 0x1e,
    0x06, 0x04, 0x01, 0x80, 0x0f, 0xfe, 0x00, 0x00, 0x07, 0xff, 0xc1, 0x0c, 0x10, 0x43, 0x04, 0x10,
    0xc1, 0x07, 0xff, 0xc1, 0x0c, 0x30, 0x43, 0x04, 0x10, 0xc1, 0x04, 0x30, 0x43, 0xff, 0xf0, 0xc3,
    0x04, 0x30, 0xc1, 0x08, 0x30, 0x46, 0x0c, 0x11, 0x03, 0x7c, 0x00, 0x00, 0x00, 0x00, 0x80, 0x00,
    0x30, 0x00, 0x0c, 0x00, 0xff, 0xfc, 0x30, 0xc3, 0x0c, 0x30, 0xc3, 0x0c, 0x30, 0xff, 0xfc, 0x30,
    0xc3, 0x0c, 0x30, 0xc3, 0x0c, 0x30, 0xff, 0xfc, 0x30, 0xc0, 0x00, 0x30, 0x20, 0x0c, 0x08, 0x03,
    0x06, 0x00, 0x7f, 0x80, 0x00, 0x00, 0x00, 0x00, 0x0f, 0xff, 0xc0, 0x00, 0x00, 0x00, 0x00, 0x0f,
    0xf8, 0x0b, 0x32, 0x42, 0xcc, 0x90, 0xb3, 0x24, 0x2f, 0xf9, 0x0b, 0x32, 0x42, 0xcc, 0x90, 0xbf,
    0xe4, 0x20, 0x01, 0x08, 0x00, 0x42, 0x00, 0x10, 0xff, 0xfc, 0x00, 0x01, 0x00, 0x03, 0x00, 0x0f,
    0x9f, 0xe3, 0x01, 0x18, 0x80, 0x44, 0x22, 0x11, 0x08, 0xcc, 0x42, 0x73, 0x10, 0xff, 0x84, 0x30,
    0xcf, 0x00, 0x00, 0x01, 0xff, 0xe0, 0x43, 0x08, 0x10, 0xc2, 0x07, 0xff, 0x81, 0x0c, 0x20, 0x43,
    0x08, 0x1f, 0xfe, 0x04, 0x00, 0x80, 0x00, 0x80, 0x00, 0x20, 0x00, 0x18, 0x00, 0x06, 0x00, 0x1f,
    0xfe, 0x04, 0x00, 0x81, 0x00, 0x20, 0x40, 0x08, 0x10, 0x02, 0x07, 0xff, 0x81, 0x00, 0x20, 0x40,
    0x08, 0x10, 0x02, 0x04, 0x00, 0x81, 0x00, 0x20, 0x7f, 0xf8, 0x10, 0x02, 0x04, 0x00, 0x80, 0x0c,
    0x10, 0x02, 0x0c, 0x00, 0x82, 0x01, 0xfc, 0xfe, 0x63, 0x61, 0x98, 0x50, 0x66, 0x1c, 0x19, 0x86,
    0x06, 0x63, 0x31, 0x9f, 0xc4, 0x66, 0x11, 0x91, 0x84, 0x34, 0x61, 0x09, 0x18, 0x40, 0x46, 0x30,
    0x11, 0xfc, 0x04, 0x60, 0x03, 0x00, 0x07, 0x80, 0x00, 0x00, 0x00, 0x0e, 0x0f, 0xfe, 0x00, 0x18,
    0x00, 0x06, 0x00, 0x3f, 0xff, 0x00, 0xc0, 0x07, 0xff, 0xf8, 0x18, 0x00, 0x0c, 0x00, 0x03, 0xff,
    0x81, 0xc0, 0x21, 0xdf, 0xf8, 0x44, 0x02, 0x01, 0xff, 0x80, 0x40, 0x20, 0x10, 0x08, 0x07, 0xfe,
    0x01, 0x00, 0x80, 0x00, 0xff, 0x1f, 0x20, 0x46, 0x48, 0x11, 0x92, 0x04, 0x7c, 0xff, 0x19, 0x22,
    0x06, 0x48, 0x81, 0x92, 0x20, 0x7c, 0xff, 0x99, 0x23, 0x06, 0x48, 0xc1, 0x92, 0x30, 0x7c, 0x84,
    0x18, 0x21, 0x26, 0x1f, 0x68, 0x07, 0x8e, 0x00, 0x00, 0x00, 0x00, 0xff, 0x1f, 0x20, 0x46, 0x48,
    0x11, 0x92, 0x04, 0x7c, 0xff, 0x19, 0x20, 0x46, 0x48, 0x11, 0x93, 0xfc, 0x7c, 0x90, 0x19, 0x26,
    0x66, 0x48, 0xb1, 0x92, 0x38, 0x7c, 0x84, 0x18, 0x21, 0x86, 0x0f, 0x30, 0x07, 0x86, 0x00, 0x00,
    0x00, 0x00, 0x10, 0x00, 0x04, 0x07, 0xdf, 0xf9, 0x90, 0x40, 0x65, 0xff, 0x1f, 0x04, 0x06, 0x7f,
    0xf9, 0x90, 0x00, 0x64, 0x00, 0x1f, 0x3f, 0xc6, 0x48, 0x31, 0x93, 0xfc, 0x64, 0x83, 0x1f, 0x20,
    0xc6, 0x0f, 0xf1, 0x82, 0x0c, 0x00, 0x83, 0x00, 0x21, 0xc0, 0x00, 0x20, 0x1f, 0x98, 0x01, 0x07,
    0xe0, 0x43, 0x10, 0x10, 0x8c, 0x0c, 0x7f, 0xe2, 0x19, 0x98, 0xfa, 0x26, 0x66, 0xff, 0x99, 0xa2,
    0x66, 0x68, 0x98, 0x9a, 0x66, 0x26, 0xff, 0x89, 0xa2, 0x63, 0xf8, 0x98, 0x84, 0x26, 0x23, 0x0f,
    0x80, 0x00, 0x00, 0x00, 0x00, 0x07, 0xff, 0x80, 0x00, 0x00, 0x00, 0x00, 0x00, 0x00, 0x1f, 0xff,
    0xe0, 0x0c, 0x00, 0x03, 0x00, 0x08, 0xc0, 0x02, 0x31, 0x01, 0x8c, 0x60, 0x43, 0x08, 0x30, 0xc3,
    0x18, 0x30, 0x46, 0x0c, 0x18, 0x03, 0x00, 0x07, 0x80, 0x00, 0x00, 0x18, 0x03, 0x86, 0x07, 0x81,
    0x80, 0x20, 0x60, 0x08, 0x5b, 0x02, 0x36, 0x47, 0xfd, 0x98, 0x62, 0x66, 0x1c, 0x98, 0x87, 0xa6,
    0x03, 0xa1, 0x90, 0xa0, 0x6c, 0x48, 0x06, 0x12, 0x03, 0x00, 0x81, 0x80, 0x21, 0xc0, 0x09, 0xe0,
    0x02, 0x40, 0x00, 0x08, 0x10, 0x06, 0x0c, 0x01, 0xfb, 0xf8, 0xd1, 0x90, 0x66, 0x46, 0x10, 0x10,
    0x03, 0xff, 0xf0, 0x03, 0x0c, 0x00, 0xc3, 0x07, 0xff, 0xc1, 0x0c, 0x00, 0x43, 0x00, 0x3f, 0xff,
    0x00, 0x70, 0x40, 0x2c, 0x10, 0x33, 0x0c, 0x38, 0xce, 0x08, 0x30, 0x00, 0x10, 0x20, 0x04, 0x08,
    0x03, 0xff, 0xf9, 0xb3, 0x20, 0x44, 0xcc, 0x00, 0x30, 0x01, 0xff, 0xf0, 0x03, 0x00, 0x00, 0xc0,
    0x1f, 0xff, 0xe0, 0x00, 0x80, 0x00, 0x20, 0x7f, 0xff, 0x83, 0x02, 0x00, 0x60, 0x80, 0x0c, 0x20,
    0x01, 0x08, 0x00, 0x1e, 0x00, 0x08, 0x10, 0x06, 0x0c, 0x01, 0xfb, 0xf8, 0xd9, 0xb0, 0x62, 0x46,
    0x04, 0x00, 0x01, 0xbf, 0xf0, 0xb0, 0x04, 0x20, 0x01, 0x08, 0xfc, 0x42, 0x21, 0x10, 0x88, 0x44,
    0x23, 0xf1, 0x08, 0x84, 0x42, 0x3f, 0x10, 0x80, 0x04, 0x20, 0x01, 0x08, 0x03, 0xc0, 0x00, 0x00,
    0x10, 0x10, 0x0c, 0x0c, 0x03, 0xfb, 0xf9, 0x91, 0x90, 0x46, 0xc4, 0x00, 0x30, 0x03, 0xff, 0xf8,
    0x80, 0x06, 0x2f, 0xfd, 0x02, 0x01, 0x00, 0x80, 0x40, 0x3f, 0xf0, 0x08, 0x00, 0x03, 0xff, 0x80,
    0x80, 0x20, 0x20, 0x08, 0x0f, 0xfe, 0x02, 0x00, 0x80, 0x10, 0x20, 0x04, 0x08, 0x03, 0xff, 0xf9,
    0x93, 0x30, 0x0c, 0x10, 0x02, 0x0f, 0x87, 0xfa, 0x20, 0x21, 0x90, 0x7f, 0xff, 0x1a, 0x58, 0x46,
    0x92, 0xd1, 0xfc, 0xb4, 0x1e, 0x2d, 0x07, 0xca, 0x42, 0x90, 0xe1, 0xa0, 0x6c, 0x48, 0x71, 0x82,
    0x10, 0x20, 0x00, 0x00, 0x00, 0xff, 0x83, 0xfc, 0x00, 0x0c, 0x00, 0x06, 0x18, 0x03, 0x0c, 0x01,
    0xfe, 0x00, 0x06, 0x20, 0x07, 0x04, 0x07, 0xbf, 0x83, 0xff, 0x30, 0x03, 0x04, 0x0c, 0xcc, 0x02,
    0x31, 0x83, 0x8c, 0x30, 0x83, 0x06, 0x03, 0xc0, 0x00, 0x00, 0x00, 0x00, 0x20, 0x02, 0x08, 0x01,
    0x86, 0x00, 0x41, 0x80, 0x32, 0x7f, 0x89, 0xb0, 0x67, 0xc8, 0x19, 0xf2, 0x06, 0x18, 0x61, 0x84,
    0x0c, 0x63, 0xe1, 0x91, 0xf0, 0x24, 0x00, 0x01, 0x00, 0x00, 0x43, 0xf0, 0x11, 0xc0, 0x0c, 0x00,
    0x1e, 0x00, 0x00, 0x00, 0x00, 0x10, 0x02, 0x0d, 0x81, 0x83, 0x30, 0x40, 0x40, 0x10, 0x3f, 0x09,
    0xbe, 0x06, 0x41, 0x01, 0xf0, 0x46, 0x08, 0x3f, 0x86, 0x7e, 0x03, 0x01, 0x99, 0xf8, 0x64, 0x70,
    0x1b, 0x00, 0x03, 0x80, 0x61, 0xc1, 0xf1, 0xf2, 0x61, 0xe6, 0x80, 0x40, 0xe0, 0x08, 0x20, 0x02,
    0x18, 0x01, 0x87, 0xf0, 0x43, 0x0c, 0x30, 0xe3, 0x09, 0xe9, 0x87, 0xc3, 0xc1, 0xf0, 0x70, 0x18,
    0x7e, 0x04, 0x78, 0xe3, 0x78, 0x09, 0xf3, 0xfc, 0x60, 0xc1, 0x00, 0x30, 0x40, 0x6c, 0x11, 0xf3,
    0x04, 0x60, 0xff, 0x00, 0x30, 0x40, 0x08, 0x10, 0x02, 0x06, 0x01, 0x81, 0x80, 0x47, 0xfe, 0x32,
    0x30, 0x09, 0x88, 0x87, 0xc6, 0x21, 0xe3, 0x3c, 0x19, 0xff, 0x8c, 0x11, 0x23, 0xe4, 0x41, 0xe1,
    0x10, 0x00, 0x44, 0x00, 0x11, 0x03, 0xec, 0x49, 0xc6, 0x12, 0x03, 0x07, 0x80, 0x00, 0x00, 0x08,
    0x10, 0x02, 0x04, 0x01, 0x8f, 0xf0, 0x40, 0x60, 0x30, 0x10, 0x09, 0xff, 0xe6, 0xc0, 0x19, 0xe1,
    0x24, 0x18, 0x79, 0x04, 0x62, 0x03, 0x4c, 0x81, 0xf0, 0x60, 0x61, 0xff, 0x80, 0x04, 0x01, 0xc3,
    0x41, 0xc1, 0x8c, 0x01, 0xc1, 0x80, 0x40, 0x20, 0x00, 0x00, 0x1f, 0xff, 0xe6, 0x00, 0x19, 0x84,
    0x06, 0x61, 0x0d, 0x9a, 0x52, 0x66, 0xd6, 0x99, 0x9c, 0xe6, 0x62, 0x19, 0x98, 0xc6, 0x66, 0x73,
    0xd9, 0x96, 0x96, 0x6c, 0x65, 0x9e, 0x10, 0x66, 0x00, 0x19, 0x80, 0x06, 0x60, 0x0f, 0x00, 0x00,
    0x00, 0x3f, 0xff, 0x08, 0xcc, 0x42, 0x33, 0x10, 0xff, 0xfc, 0x00, 0x80, 0x1f, 0xff, 0xe0, 0x08,
    0x00, 0x7f, 0xf8, 0x18, 0x06, 0x07, 0xff, 0x81, 0x80, 0x60, 0x7f, 0xf8, 0x18, 0x06, 0x07, 0xff,
    0x81, 0x80, 0x61, 0xff, 0xfe, 0x00, 0x80, 0x00, 0x20, 0x00, 0x08, 0x00, 0x7f, 0xf8, 0x10, 0x02,
    0x04, 0x00, 0x81, 0x00, 0x20, 0x7f, 0xf8, 0x10, 0x02, 0x04, 0x00, 0x81, 0x00, 0x20, 0x7f, 0xf8,
    0x10, 0x02, 0x04, 0x00, 0x81, 0x00, 0x20, 0x40, 0x08, 0x1f, 0xfe, 0x04, 0x00, 0x80, 0x04, 0x00,
    0x01, 0x86, 0x07, 0xff, 0xf8, 0x18, 0x60, 0x06, 0x7e, 0x0f, 0xfc, 0x00, 0x00, 0x00, 0x42, 0x0c,
    0x18, 0xc6, 0x02, 0x31, 0x00, 0x0c, 0x01, 0xff, 0xfe, 0x03, 0xe0, 0x01, 0xbc, 0x00, 0xcc, 0xc0,
    0xe3, 0x1c, 0x60, 0xc1, 0x80, 0x30, 0x00, 0x04, 0x08, 0x01, 0x86, 0x07, 0xff, 0xf8, 0x18, 0x60,
    0x00, 0x30, 0x08, 0x88, 0x03, 0x23, 0xf0, 0xc9, 0xa0, 0x32, 0x4c, 0x0c, 0xb1, 0x03, 0x20, 0x60,
    0x00, 0x00, 0x1f, 0xfe, 0x04, 0x4c, 0x81, 0x13, 0x20, 0x44, 0xc8, 0x7f, 0xff, 0x80, 0x00, 0x00,
    0x00, 0x00, 0x03, 0x00, 0x01, 0x8f, 0xf8, 0xc0, 0x00, 0x60, 0x00, 0x11, 0x00, 0x00, 0xc0, 0x00,
    0x67, 0xfe, 0x38, 0x06, 0x1e, 0x01, 0x85, 0x80, 0x60, 0x60, 0x18, 0x18, 0x06, 0x06, 0x01, 0x81,
    0x80, 0x60, 0x60, 0x18, 0x18, 0x04, 0x06, 0x0f, 0x00, 0x00, 0x00, 0x00, 0xc0, 0x00, 0x30, 0x03,
    0xff, 0xf0, 0x03, 0x00, 0x00, 0xc0, 0x07, 0xff, 0xc0, 0x0c, 0x00, 0x03, 0x00, 0x7f, 0xff, 0x80,
    0x50, 0x00, 0x66, 0x30, 0x70, 0xd8, 0x7c, 0x1c, 0x19, 0x06, 0x00, 0x40, 0xe0, 0x17, 0x1e, 0x0f,
    0x01, 0x80, 0x00, 0x00, 0x00, 0x30, 0x00, 0x8c, 0x02, 0x23, 0xf8, 0x89, 0xa0, 0x22, 0x4c, 0x08,
    0xb1, 0x02, 0x20, 0x60, 0x08, 0x00, 0x1f, 0xfe, 0x06, 0x01, 0x81, 0x8c, 0x60, 0x63, 0x18, 0x18,
    0xc6, 0x02, 0x39, 0x80, 0x1e, 0x08, 0x1d, 0x86, 0x3c, 0x3f, 0x08, 0x00, 0x00, 0x00, 0x80, 0x00,
    0x30, 0x00, 0x04, 0x01, 0xff, 0xfe, 0x00, 0x00, 0x00, 0x00, 0x00, 0xff, 0xe0, 0x00, 0x00, 0x00,
    0x00, 0x03, 0xff, 0x80, 0x00, 0x00, 0x00, 0x00, 0x1f, 0xfe, 0x06, 0x01, 0x81, 0x80, 0x60, 0x60,
    0x18, 0x1f, 0xfe, 0x06, 0x01, 0x80, 0x00, 0x10, 0x06, 0x06, 0x00, 0xc1, 0x80, 0x10, 0x60, 0x00,
    0x10, 0x00, 0x04, 0x07, 0x81, 0x80, 0x20, 0x60, 0x08, 0x18, 0x02, 0x06, 0x00, 0x83, 0x80, 0x20,
    0xf0, 0x08, 0x24, 0x02, 0xd9, 0x80, 0xe4, 0x20, 0x63, 0x0c, 0x11, 0x81, 0x80, 0x40, 0x20, 0x00,
    0x00, 0x0c, 0x00, 0x01, 0x9f, 0xf0, 0x30, 0x04, 0x00, 0x01, 0x00, 0x00, 0x47, 0x80, 0x10, 0x20,
    0x04, 0x08, 0xff, 0x02, 0x20, 0x40, 0x88, 0x00, 0x22, 0x00, 0x08, 0x80, 0x02, 0xa0, 0x20, 0xe8,
    0x08, 0x72, 0x02, 0x10, 0xff, 0x80, 0x00, 0x00, 0x00, 0x00, 0x0c, 0x1f, 0x81, 0x84, 0x60, 0x31,
    0x18, 0x00, 0xc6, 0x00, 0x31, 0x87, 0x98, 0x38, 0x6c, 0x00, 0x18, 0x00, 0x06, 0x7f, 0xc1, 0x88,
    0x30, 0x63, 0x08, 0x18, 0x46, 0x06, 0x8b, 0x01, 0xe3, 0x80, 0x71, 0xf0, 0x11, 0xc7, 0x80, 0x40,
    0x60, 0x00, 0x00, 0x0c, 0x00, 0x01, 0x9f, 0xf8, 0x20, 0x20, 0x00, 0x08, 0x00, 0x02, 0x07, 0x88,
    0x80, 0x62, 0x20, 0x18, 0x8f, 0x86, 0x22, 0x01, 0x88, 0x80, 0x62, 0x20, 0x18, 0x88, 0x06, 0xa2,
    0x01, 0xe8, 0x80, 0x62, 0x60, 0x13, 0xff, 0x80, 0x00, 0x00, 0x00, 0x08, 0x0c, 0x02, 0xc1, 0x80,
    0xd8, 0x20, 0x30, 0x03, 0xff, 0x80, 0x03, 0x07, 0x80, 0xc0, 0x60, 0x30, 0x19, 0xfc, 0x06, 0x13,
    0x01, 0x84, 0x40, 0x61, 0x10, 0x18, 0x44, 0x06, 0x95, 0xa1, 0xef, 0x68, 0x6f, 0x0a, 0x10, 0x03,
    0x80, 0x00, 0x40, 0x00, 0x00, 0x08, 0xff, 0xe1, 0x82, 0x00, 0x20, 0x80, 0x01, 0xfe, 0x00, 0x18,
    0x87, 0x84, 0x20, 0x61, 0x08, 0x1b, 0xff, 0x86, 0x00, 0x01, 0x80, 0x00, 0x67, 0xfc, 0x19, 0x81,
    0x06, 0xe0, 0x41, 0xf8, 0x10, 0x76, 0x04, 0x11, 0xff, 0x00, 0x40, 0x40, 0x00, 0x10, 0x0c, 0x04,
    0x01, 0x9f, 0xf8, 0x20, 0x40, 0x01, 0xff, 0x00, 0x04, 0x07, 0xbf, 0xf8, 0x60, 0x00, 0x18, 0x00,
    0x06, 0x3f, 0xc1, 0x88, 0x30, 0x63, 0xfc, 0x18, 0x83, 0x06, 0xa0, 0xc1, 0xef, 0xf0, 0x72, 0x0c,
    0x10, 0x83, 0x00, 0x23, 0xc0, 0x00, 0x00, 0x00, 0x10, 0x0c, 0x04, 0x01, 0x9f, 0xf0, 0x20, 0x40,
    0x00, 0x10, 0x00, 0x7f, 0xe7, 0x80, 0x18, 0x63, 0x64, 0x18, 0x79, 0x06, 0x6e, 0x01, 0x8d, 0x80,
    0x61, 0x60, 0x1b, 0xff, 0x86, 0x0c, 0x01, 0xe3, 0x40, 0x73, 0x8c, 0x11, 0x81, 0x80, 0xc0, 0x20,
    0x00, 0x00, 0x0c, 0x7f, 0xe1, 0x90, 0x18, 0x24, 0x46, 0x09, 0x11, 0x80, 0x5f, 0x67, 0x91, 0x19,
    0xe4, 0x46, 0x19, 0x7f, 0x86, 0x40, 0x61, 0x97, 0xd8, 0x65, 0x16, 0x19, 0x45, 0x86, 0xd1, 0x61,
    0xe7, 0xd8, 0x79, 0x06, 0x16, 0x01, 0x81, 0x01, 0xc0, 0x00, 0x00, 0x00, 0x10, 0x0f, 0xc4, 0x02,
    0x13, 0x00, 0x84, 0xc0, 0x29, 0x3f, 0x8a, 0x48, 0xc2, 0x96, 0x30, 0xa5, 0x88, 0x29, 0xe2, 0x0a,
    0x4c, 0x82, 0x91, 0x60, 0xa4, 0x70, 0x29, 0x0c, 0x06, 0x03, 0x01, 0x21, 0xe0, 0xcc, 0xcc, 0x61,
    0x61, 0x90, 0x10, 0x20, 0x00, 0x40, 0x0c, 0x30, 0x01, 0xdf, 0xf0, 0x14, 0x44, 0x02, 0x33, 0x03,
    0x1a, 0x07, 0xcc, 0x61, 0x8e, 0x0e, 0x02, 0x00, 0x07, 0xff, 0x81, 0x80, 0x60, 0x63, 0x08, 0x18,
    0x82, 0x06, 0x60, 0x80, 0x17, 0x80, 0x1c, 0x78, 0x7c, 0x03, 0x98, 0x00, 0x00, 0x0c, 0x00, 0x03,
    0x0f, 0xc0, 0xc0, 0x11, 0xfe, 0x04, 0x0c, 0x01, 0x03, 0x00, 0x47, 0xf8, 0x10, 0x10, 0xfc, 0x04,
    0x20, 0x09, 0x08, 0x02, 0x7a, 0x00, 0x90, 0x82, 0x24, 0x20, 0x9d, 0x08, 0x27, 0xc3, 0xf9, 0x30,
    0x00, 0x47, 0xff, 0x90, 0x00, 0x00, 0x00, 0x24, 0x1f, 0x89, 0x06, 0x22, 0x41, 0x8e, 0x96, 0x62,
    0xa5, 0x98, 0xb9, 0x47, 0xee, 0x60, 0x20, 0x90, 0x08, 0x24, 0x0a, 0x09, 0x82, 0xee, 0x70, 0xa7,
    0x96, 0x29, 0x64, 0x8a, 0x11, 0x07, 0xe4, 0x49, 0xf3, 0x12, 0x41, 0x87, 0x80, 0x40, 0x00, 0x00,
    0x80, 0x00, 0x20, 0x00, 0xff, 0xc0, 0x20, 0x10, 0x08, 0x04, 0x03, 0xff, 0x00, 0x80, 0x40, 0x20,
    0x16, 0x0f, 0xfd, 0x02, 0x01, 0x80, 0x80, 0x61, 0xff, 0xf0, 0x00, 0x3c, 0x00, 0x39, 0x00, 0x38,
    0x40, 0x78, 0x10, 0x78, 0x7c, 0x00, 0x00, 0x00, 0x06, 0x10, 0x01, 0x85, 0x83, 0xfd, 0x30, 0x18,
    0x44, 0x06, 0x10, 0x1f, 0xff, 0xe0, 0xc1, 0x00, 0x20, 0x64, 0x7f, 0xf9, 0x04, 0x86, 0xc3, 0x20,
    0xa0, 0xff, 0x38, 0x02, 0x0c, 0x00, 0x93, 0x27, 0xfd, 0xc8, 0x08, 0xda, 0x02, 0x63, 0x80, 0x00,
    0x00, 0x00, 0x04, 0x08, 0x01, 0x03, 0x00, 0x40, 0x60, 0x10, 0x0b, 0xff, 0x80, 0x01, 0x00, 0x00,
    0x40, 0x04, 0x10, 0x78, 0x84, 0x06, 0x31, 0x01, 0x84, 0x40, 0x60, 0x10, 0x18, 0x04, 0x06, 0x0f,
    0x03, 0xc0, 0x01, 0x9c, 0x02, 0x41, 0xff, 0x80, 0x00, 0x00, 0x00, 0x00, 0x08, 0x07, 0xc3, 0x1f,
    0xc0, 0x64, 0x00, 0x01, 0x00, 0x00, 0x7f, 0xc0, 0x10, 0x30, 0x04, 0x0c, 0x79, 0x42, 0x06, 0x59,
    0x81, 0xb1, 0xc0, 0x6c, 0x70, 0x1a, 0x36, 0x07, 0xb8, 0xc1, 0x88, 0x11, 0xf8, 0x00, 0x43, 0xff,
    0x80, 0x00, 0x00, 0x00, 0x00, 0x08, 0x00, 0x03, 0x3f, 0xf8, 0x60, 0x60, 0x08, 0x30, 0x00, 0x0c,
    0x00, 0x07, 0x41, 0xe3, 0xd0, 0x19, 0xb2, 0x06, 0xcc, 0x41, 0xe3, 0x18, 0x60, 0xc0, 0x18, 0x30,
    0x06, 0x0c, 0x03, 0x83, 0x01, 0xb8, 0x00, 0x43, 0xff, 0x80, 0x00, 0x00, 0x00, 0x20, 0x18, 0x0c,
    0x03, 0x03, 0x00, 0x5f, 0xfe, 0x10, 0x06, 0x00, 0x01, 0x00, 0x30, 0x40, 0x06, 0x30, 0x78, 0xc8,
    0x06, 0x1e, 0x01, 0x83, 0x80, 0x61, 0xb0, 0x19, 0xc6, 0x07, 0xc0, 0xc1, 0x80, 0x01, 0xf8, 0x00,
    0x63, 0xff, 0x80, 0x00, 0x00, 0x00, 0x00, 0x08, 0x11, 0x03, 0x04, 0x40, 0x63, 0x10, 0x03, 0xff,
    0x80, 0x11, 0x00, 0x04, 0x41, 0xe1, 0x10, 0x18, 0xc4, 0x06, 0xff, 0xe1, 0x8c, 0x40, 0x62, 0x10,
    0x19, 0x84, 0x06, 0x61, 0x01, 0x90, 0x41, 0x98, 0x00, 0x43, 0xff, 0x80, 0x00, 0x00, 0x00, 0x40,
    0x0c, 0x10, 0x01, 0x3f, 0xf8, 0x63, 0x00, 0x00, 0x90, 0x00, 0x66, 0x00, 0x11, 0x81, 0xef, 0xfc,
    0x18, 0x18, 0x06, 0x06, 0x01, 0x81, 0x80, 0x6f, 0xfe, 0x18, 0x18, 0x06, 0x06, 0x03, 0x81, 0x81,
    0xb8, 0x40, 0x43, 0xff, 0x80, 0x00, 0x00, 0x00, 0x00, 0x08, 0x7f, 0x83, 0x10, 0x20, 0x64, 0x08,
    0x09, 0xfe, 0x00, 0x40, 0x80, 0x10, 0x21, 0xe7, 0xf8, 0x19, 0x01, 0x06, 0x4c, 0xc1, 0x91, 0xe0,
    0x64, 0x30, 0x19, 0xf6, 0x06, 0xf0, 0xc1, 0x80, 0x01, 0xd8, 0x00, 0x43, 0xff, 0x80, 0x00, 0x00,
    0x00, 0x02, 0x08, 0x20, 0x83, 0x0c, 0x60, 0x61, 0x30, 0x03, 0xff, 0x80, 0x04, 0x00, 0x01, 0x01,
    0xe0, 0x40, 0x1b, 0xff, 0x86, 0x0c, 0x01, 0x83, 0x80, 0x61, 0xb0, 0x18, 0xc6, 0x06, 0xe0, 0xc3,
    0xb0, 0x11, 0xb8, 0x00, 0x43, 0xff, 0x80, 0x00, 0x00, 0x00, 0x10, 0x18, 0x24, 0x03, 0x19, 0x00,
    0x67, 0xfc, 0x0b, 0x10, 0x00, 0x84, 0x00, 0x01, 0x00, 0x0f, 0xfe, 0x78, 0x4c, 0x06, 0x13, 0x01,
    0x8c, 0xc0, 0x62, 0x32, 0x19, 0x8c, 0x87, 0xc3, 0xe1, 0xc0, 0x00, 0xdc, 0x00, 0x63, 0xff, 0x80,
    0x00, 0x00, 0x00, 0x00, 0x18, 0xff, 0xc3, 0x00, 0x60, 0x63, 0xf0, 0x08, 0x38, 0x00, 0xff, 0xe0,
    0x31, 0x19, 0xec, 0x46, 0x1b, 0xff, 0x86, 0xc4, 0x61, 0xb1, 0x18, 0x6f, 0xfe, 0x1b, 0x11, 0x86,
    0xc4, 0x61, 0xb1, 0x71, 0x98, 0x00, 0x41, 0xff, 0x80, 0x00, 0x00, 0x00, 0x10, 0x18, 0x04, 0x03,
    0x3f, 0xf8, 0x60, 0xc0, 0x08, 0x10, 0x00, 0xff, 0xc0, 0x31, 0x11, 0xec, 0x44, 0x1b, 0x11, 0x06,
    0xff, 0xc1, 0x87, 0x80, 0x61, 0xf0, 0x19, 0x93, 0x06, 0xc4, 0x41, 0xa1, 0x00, 0xf8, 0x00, 0x43,
    0xff, 0x80, 0x00, 0x00, 0x7f, 0xbf, 0x82, 0x80, 0x60, 0xa0, 0x18, 0x28, 0x06, 0x7f, 0x81, 0x9a,
    0x20, 0x66, 0x8b, 0xf9, 0xc2, 0xc6, 0x73, 0xa0, 0x18, 0x28, 0x06, 0x0a, 0x01, 0xfe, 0x80, 0x60,
    0xa0, 0x98, 0x28, 0x27, 0xfb, 0x09, 0x82, 0xfe, 0x00, 0x00, 0x00, 0x7f, 0xff, 0x85, 0x18, 0x61,
    0x46, 0x18, 0x51, 0xfe, 0x7f, 0x61, 0x95, 0x58, 0x65, 0x57, 0xf9, 0x54, 0xb0, 0x77, 0x2c, 0x18,
    0x5f, 0xe4, 0x1c, 0xc1, 0xfe, 0x30, 0x41, 0x7f, 0x90, 0x43, 0x07, 0xf0, 0xc1, 0x07, 0xfe, 0x40,
    0x00, 0x00, 0x1f, 0xff, 0x04, 0x30, 0xc1, 0x0c, 0x30, 0x43, 0x0c, 0x1f, 0xff, 0x04, 0x30, 0xc1,
    0x0c, 0x30, 0x7f, 0xfc, 0x00, 0xc0, 0x00, 0x30, 0x00, 0x0c, 0x00, 0xff, 0xfc, 0x00, 0xc0, 0x00,
    0x30, 0x00, 0x0c, 0x01, 0xff, 0xfe, 0x00, 0x00, 0x00, 0x00, 0x1e, 0x0f, 0xfe, 0x00, 0x0c, 0x00,
    0x03, 0x00, 0x7f, 0xff, 0x80, 0x30, 0x01, 0xff, 0xe0, 0x43, 0x08, 0x1f, 0xfe, 0x04, 0x30, 0x81,
    0x0c, 0x20, 0x7f, 0xf8, 0x00, 0xc0, 0x0f, 0xff, 0xc0, 0x0c, 0x00, 0x03, 0x00, 0x7f, 0xff, 0x80,
    0x00, 0x00, 0x1f, 0xfe, 0x07, 0xff, 0x81, 0x00, 0x60, 0x7f, 0xf8, 0x00, 0x00, 0x1f, 0xff, 0xe0,
    0x00, 0x00, 0x7f, 0xf8, 0x10, 0xc2, 0x07, 0xff, 0x81, 0x0c, 0x20, 0x7f, 0xf8, 0x00, 0xc0, 0x0f,
    0xff, 0xc0, 0x0c, 0x01, 0xff, 0xfe, 0x10, 0x08, 0x04, 0x02, 0x03, 0xf0, 0x81, 0x80, 0x20, 0x60,
    0xff, 0x90, 0x22, 0x63, 0xe8, 0x88, 0x22, 0x22, 0x08, 0x88, 0x82, 0x22, 0x27, 0xff, 0xf8, 0x22,
    0x26, 0x08, 0x08, 0x02, 0x02, 0x00, 0xb0, 0x80, 0x78, 0x20, 0x18, 0x08, 0x00, 0x02, 0x00, 0x10,
    0x00, 0x0c, 0x03, 0x03, 0x3f, 0xf0, 0xf3, 0x34, 0x60, 0xbf, 0x90, 0x63, 0x47, 0xd0, 0xd0, 0x4f,
    0xfc, 0x10, 0x4c, 0x04, 0x33, 0x07, 0xff, 0xf8, 0x46, 0x30, 0x11, 0xbf, 0x84, 0x63, 0x01, 0x5c,
    0xc0, 0x7d, 0xf0, 0x36, 0x1f, 0x80, 0x00, 0x00, 0x04, 0x00, 0x03, 0x01, 0x80, 0xc0, 0xc0, 0x30,
    0x60, 0x0c, 0x70, 0x03, 0x70, 0x00, 0xc8, 0x00, 0x30, 0x00, 0x7f, 0xff, 0x83, 0x10, 0x00, 0xc6,
    0x00, 0x30, 0x80, 0x0c, 0x30, 0x03, 0x06, 0x00, 0xc0, 0xe0, 0x3f, 0x1e, 0x0f, 0x01, 0x82, 0x00,
    0x00, 0x20, 0x00, 0x0c, 0xff, 0xc1, 0x80, 0x10, 0x20, 0x04, 0x20, 0x31, 0x08, 0x0c, 0x42, 0x03,
    0x10, 0xbf, 0xf4, 0x20, 0x71, 0x08, 0x3c, 0x42, 0x1b, 0x10, 0x8c, 0xc4, 0x26, 0x31, 0x0b, 0x0c,
    0x42, 0x03, 0x10, 0x83, 0x84, 0x20, 0x01, 0x08, 0x01, 0xc0, 0x00, 0x00, 0x20, 0x00, 0x0c, 0xff,
    0xc1, 0x80, 0x10, 0x20, 0x04, 0x20, 0x01, 0x08, 0x00, 0x42, 0x3f, 0x10, 0x88, 0x44, 0x22, 0x11,
    0x08, 0x84, 0x42, 0x3f, 0x10, 0x88, 0x44, 0x22, 0x11, 0x08, 0xfc, 0x42, 0x00, 0x10, 0x80, 0x04,
    0x20, 0x01, 0x08, 0x01, 0xc0, 0x00, 0x00, 0x00, 0x20, 0x1f, 0x08, 0x06, 0x46, 0x01, 0x91, 0xfc,
    0x6c, 0xc2, 0x1a, 0x61, 0x86, 0xb0, 0x41, 0xb1, 0x80, 0x65, 0xcf, 0x19, 0x40, 0x46, 0x50, 0x11,
    0x94, 0x04, 0x7d, 0xef, 0x18, 0x40, 0x46, 0x10, 0x11, 0x84, 0x04, 0x61, 0xff, 0x18, 0x40, 0x40,
    0x00, 0x00, 0x1f, 0x7f, 0xe6, 0x40, 0x01, 0xb3, 0xfc, 0x68, 0x81, 0x1a, 0x20, 0x47, 0x8f, 0xf1,
    0xa0, 0x00, 0x65, 0xff, 0x99, 0x40, 0x26, 0x52, 0x49, 0x94, 0xd2, 0x7d, 0x7e, 0x98, 0x46, 0x26,
    0x11, 0x89, 0x84, 0x62, 0x61, 0x18, 0x80, 0x40, 0xe0, 0x08, 0x10, 0x02, 0x04, 0x07, 0xfb, 0xe0,
    0x20, 0x98, 0x7f, 0x44, 0x02, 0x3f, 0xc7, 0xf8, 0x90, 0x00, 0x24, 0x00, 0x09, 0x0f, 0xff, 0xf2,
    0x10, 0x90, 0xfc, 0x24, 0x21, 0x7f, 0x0f, 0xc2, 0x42, 0x10, 0x80, 0x84, 0x20, 0x21, 0x08, 0x09,
    0xce, 0x00, 0x00, 0x00, 0x1f, 0xff, 0xe0, 0x08, 0x00, 0x02, 0x00, 0x3f, 0xff, 0x08, 0x84, 0x42,
    0x21, 0x10, 0x88, 0x44, 0x23, 0xf1, 0x08, 0x84, 0x42, 0x21, 0x10, 0x8f, 0xc4, 0x22, 0x11, 0x08,
    0x84, 0x42, 0x21, 0x10, 0xff, 0xfc, 0x20, 0x01, 0x00, 0x7f, 0xff, 0x80, 0x30, 0x00, 0x08, 0x00,
    0x06, 0x00, 0x1f, 0xfe, 0x06, 0x00, 0x81, 0x84, 0x20, 0x63, 0x08, 0x18, 0xc2, 0x06, 0x30, 0x81,
    0x8c, 0x20, 0x63, 0x08, 0x11, 0xa2, 0x00, 0xee, 0x00, 0xe0, 0xe1, 0xf0, 0x0c, 0x60, 0x01, 0x00,
    0x01, 0xff, 0x80, 0x06, 0x07, 0xe1, 0x00, 0x47, 0xfc, 0x11, 0x81, 0x04, 0x64, 0x41, 0x19, 0x10,
    0x46, 0x44, 0x11, 0x91, 0x04, 0x64, 0x41, 0xf9, 0x11, 0xe6, 0x44, 0x60, 0x30, 0x00, 0x09, 0x80,
    0x0c, 0x30, 0x0e, 0x06, 0x02, 0x00, 0x80, 0x1f, 0xfe, 0x04, 0x30, 0x81, 0x6d, 0xa0, 0x4b, 0x48,
    0x10, 0xc2, 0x07, 0xff, 0x80, 0x0c, 0x00, 0x03, 0x00, 0x3f, 0xff, 0x00, 0x30, 0x00, 0x0c, 0x01,
    0xff, 0xfe, 0x00, 0x00, 0x04, 0x88, 0x83, 0x33, 0x11, 0x8c, 0x46, 0x00, 0x00, 0x00, 0x18, 0x00,
    0x07, 0x00, 0x00, 0xc0, 0x00, 0x30, 0x00, 0x18, 0x00, 0x0c, 0x00, 0x00, 0x00, 0x00, 0x00, 0x00,
    0x0f, 0x80, 0x06, 0x30, 0x01, 0x04, 0x00, 0x01, 0x00, 0x00, 0xc0, 0x00, 0x60, 0x00, 0x10, 0x00,
    0x0c, 0x00, 0x06, 0x00, 0x00, 0x80, 0x00, 0x00, 0x00, 0x00, 0x00, 0x06, 0x00, 0x01, 0x80, 0x00,
    0x00, 0x00,
};
static const lv_font_fmt_txt_glyph_dsc_t font_18_glyphs[] = {
    {0},
    {.bitmap_index = 0, .adv_w = 64, .box_w = 4, .box_h = 0, .ofs_x = 0, .ofs_y = 0}, /* U+0020 */
    {.bitmap_index = 0, .adv_w = 96, .box_w = 6, .box_h = 14, .ofs_x = 0, .ofs_y = 0}, /* U+0021 */
    {.bitmap_index = 11, .adv_w = 128, .box_w = 8, .box_h = 14, .ofs_x = 0, .ofs_y = 0}, /* U+0022 */
    {.bitmap_index = 25, .adv_w = 160, .box_w = 10, .box_h = 13, .ofs_x = 0, .ofs_y = 0}, /* U+0023 */
    {.bitmap_index = 42, .adv_w = 160, .box_w = 10, .box_h = 18, .ofs_x = 0, .ofs_y = -2}, /* U+0024 */
    {.bitmap_index = 65, .adv_w = 256, .box_w = 16, .box_h = 14, .ofs_x = 0, .ofs_y = 0}, /* U+0025 */
    {.bitmap_index = 93, .adv_w = 192, .box_w = 12, .box_h = 14, .ofs_x = 0, .ofs_y = 0}, /* U+0026 */
    {.bitmap_index = 114, .adv_w = 80, .box_w = 5, .box_h = 14, .ofs_x = 0, .ofs_y = 0}, /* U+0027 */
    {.bitmap_index = 123, .adv_w = 96, .box_w = 6, .box_h = 19, .ofs_x = 0, .ofs_y = -4}, /* U+0028 */
    {.bitmap_index = 138, .adv_w = 96, .box_w = 6, .box_h = 19, .ofs_x = 0, .ofs_y = -4}, /* U+0029 */
    {.bitmap_index = 153, .adv_w = 128, .box_w = 8, .box_h = 14, .ofs_x = 0, .ofs_y = 0}, /* U+002A */
    {.bitmap_index = 167, .adv_w = 160, .box_w = 10, .box_h = 12, .ofs_x = 0, .ofs_y = 0}, /* U+002B */
    {.bitmap_index = 182, .adv_w = 80, .box_w = 5, .box_h = 7, .ofs_x = 0, .ofs_y = -4}, /* U+002C */
    {.bitmap_index = 187, .adv_w = 96, .box_w = 6, .box_h = 6, .ofs_x = 0, .ofs_y = 0}, /* U+002D */
    {.bitmap_index = 192, .adv_w = 80, .box_w = 5, .box_h = 3, .ofs_x = 0, .ofs_y = 0}, /* U+002E */
    {.bitmap_index = 194, .adv_w = 112, .box_w = 7, .box_h = 18, .ofs_x = 0, .ofs_y = -3}, /* U+002F */
    {.bitmap_index = 210, .adv_w = 160, .box_w = 10, .box_h = 14, .ofs_x = 0, .ofs_y = 0}, /* U+0030 */
    {.bitmap_index = 228, .adv_w = 160, .box_w = 10, .box_h = 14, .ofs_x = 0, .ofs_y = 0}, /* U+0031 */
    {.bitmap_index = 246, .adv_w = 160, .box_w = 10, .box_h = 14, .ofs_x = 0, .ofs_y = 0}, /* U+0032 */
    {.bitmap_index = 264, .adv_w = 160, .box_w = 10, .box_h = 14, .ofs_x = 0, .ofs_y = 0}, /* U+0033 */
    {.bitmap_index = 282, .adv_w = 160, .box_w = 10, .box_h = 14, .ofs_x = 0, .ofs_y = 0}, /* U+0034 */
    {.bitmap_index = 300, .adv_w = 160, .box_w = 10, .box_h = 14, .ofs_x = 0, .ofs_y = 0}, /* U+0035 */
    {.bitmap_index = 318, .adv_w = 160, .box_w = 10, .box_h = 14, .ofs_x = 0, .ofs_y = 0}, /* U+0036 */
    {.bitmap_index = 336, .adv_w = 160, .box_w = 10, .box_h = 14, .ofs_x = 0, .ofs_y = 0}, /* U+0037 */
    {.bitmap_index = 354, .adv_w = 160, .box_w = 10, .box_h = 14, .ofs_x = 0, .ofs_y = 0}, /* U+0038 */
    {.bitmap_index = 372, .adv_w = 160, .box_w = 10, .box_h = 14, .ofs_x = 0, .ofs_y = 0}, /* U+0039 */
    {.bitmap_index = 390, .adv_w = 80, .box_w = 5, .box_h = 10, .ofs_x = 0, .ofs_y = 0}, /* U+003A */
    {.bitmap_index = 397, .adv_w = 80, .box_w = 5, .box_h = 14, .ofs_x = 0, .ofs_y = -4}, /* U+003B */
    {.bitmap_index = 406, .adv_w = 160, .box_w = 10, .box_h = 11, .ofs_x = 0, .ofs_y = 0}, /* U+003C */
    {.bitmap_index = 420, .adv_w = 160, .box_w = 10, .box_h = 10, .ofs_x = 0, .ofs_y = 0}, /* U+003D */
    {.bitmap_index = 433, .adv_w = 160, .box_w = 10, .box_h = 11, .ofs_x = 0, .ofs_y = 0}, /* U+003E */
    {.bitmap_index = 447, .adv_w = 128, .box_w = 8, .box_h = 14, .ofs_x = 0, .ofs_y = 0}, /* U+003F */
    {.bitmap_index = 461, .adv_w = 272, .box_w = 17, .box_h = 17, .ofs_x = 0, .ofs_y = -4}, /* U+0040 */
    {.bitmap_index = 498, .adv_w = 176, .box_w = 11, .box_h = 14, .ofs_x = 0, .ofs_y = 0}, /* U+0041 */
    {.bitmap_index = 518, .adv_w = 192, .box_w = 12, .box_h = 14, .ofs_x = 0, .ofs_y = 0}, /* U+0042 */
    {.bitmap_index = 539, .adv_w = 176, .box_w = 11, .box_h = 14, .ofs_x = 0, .ofs_y = 0}, /* U+0043 */
    {.bitmap_index = 559, .adv_w = 192, .box_w = 12, .box_h = 14, .ofs_x = 0, .ofs_y = 0}, /* U+0044 */
    {.bitmap_index = 580, .adv_w = 176, .box_w = 11, .box_h = 14, .ofs_x = 0, .ofs_y = 0}, /* U+0045 */
    {.bitmap_index = 600, .adv_w = 160, .box_w = 10, .box_h = 14, .ofs_x = 0, .ofs_y = 0}, /* U+0046 */
    {.bitmap_index = 618, .adv_w = 192, .box_w = 12, .box_h = 14, .ofs_x = 0, .ofs_y = 0}, /* U+0047 */
    {.bitmap_index = 639, .adv_w = 208, .box_w = 13, .box_h = 14, .ofs_x = 0, .ofs_y = 0}, /* U+0048 */
    {.bitmap_index = 662, .adv_w = 80, .box_w = 5, .box_h = 14, .ofs_x = 0, .ofs_y = 0}, /* U+0049 */
    {.bitmap_index = 671, .adv_w = 160, .box_w = 10, .box_h = 14, .ofs_x = 0, .ofs_y = 0}, /* U+004A */
    {.bitmap_index = 689, .adv_w = 192, .box_w = 12, .box_h = 14, .ofs_x = 0, .ofs_y = 0}, /* U+004B */
    {.bitmap_index = 710, .adv_w = 160, .box_w = 10, .box_h = 14, .ofs_x = 0, .ofs_y = 0}, /* U+004C */
    {.bitmap_index = 728, .adv_w = 224, .box_w = 14, .box_h = 14, .ofs_x = 0, .ofs_y = 0}, /* U+004D */
    {.bitmap_index = 753, .adv_w = 208, .box_w = 13, .box_h = 14, .ofs_x = 0, .ofs_y = 0}, /* U+004E */
    {.bitmap_index = 776, .adv_w = 208, .box_w = 13, .box_h = 14, .ofs_x = 0, .ofs_y = 0}, /* U+004F */
    {.bitmap_index = 799, .adv_w = 176, .box_w = 11, .box_h = 14, .ofs_x = 0, .ofs_y = 0}, /* U+0050 */
    {.bitmap_index = 819, .adv_w = 208, .box_w = 13, .box_h = 17, .ofs_x = 0, .ofs_y = -3}, /* U+0051 */
    {.bitmap_index = 847, .adv_w = 176, .box_w = 11, .box_h = 14, .ofs_x = 0, .ofs_y = 0}, /* U+0052 */
    {.bitmap_index = 867, .adv_w = 176, .box_w = 11, .box_h = 14, .ofs_x = 0, .ofs_y = 0}, /* U+0053 */
    {.bitmap_index = 887, .adv_w = 176, .box_w = 11, .box_h = 14, .ofs_x = 0, .ofs_y = 0}, /* U+0054 */
    {.bitmap_index = 907, .adv_w = 208, .box_w = 13, .box_h = 14, .ofs_x = 0, .ofs_y = 0}, /* U+0055 */
    {.bitmap_index = 930, .adv_w = 160, .box_w = 11, .box_h = 14, .ofs_x = 0, .ofs_y = 0}, /* U+0056 */
    {.bitmap_index = 950, .adv_w = 256, .box_w = 16, .box_h = 14, .ofs_x = 0, .ofs_y = 0}, /* U+0057 */
    {.bitmap_index = 978, .adv_w = 160, .box_w = 10, .box_h = 14, .ofs_x = 0, .ofs_y = 0}, /* U+0058 */
    {.bitmap_index = 996, .adv_w = 144, .box_w = 10, .box_h = 14, .ofs_x = 0, .ofs_y = 0}, /* U+0059 */
    {.bitmap_index = 1014, .adv_w = 176, .box_w = 11, .box_h = 14, .ofs_x = 0, .ofs_y = 0}, /* U+005A */
    {.bitmap_index = 1034, .adv_w = 96, .box_w = 6, .box_h = 17, .ofs_x = 0, .ofs_y = -3}, /* U+005B */
    {.bitmap_index = 1047, .adv_w = 112, .box_w = 7, .box_h = 18, .ofs_x = 0, .ofs_y = -3}, /* U+005C */
    {.bitmap_index = 1063, .adv_w = 96, .box_w = 6, .box_h = 17, .ofs_x = 0, .ofs_y = -3}, /* U+005D */
    {.bitmap_index = 1076, .adv_w = 160, .box_w = 10, .box_h = 14, .ofs_x = 0, .ofs_y = 0}, /* U+005E */
    {.bitmap_index = 1094, .adv_w = 160, .box_w = 10, .box_h = 3, .ofs_x = 0, .ofs_y = -3}, /* U+005F */
    {.bitmap_index = 1098, .adv_w = 176, .box_w = 11, .box_h = 16, .ofs_x = 0, .ofs_y = 0}, /* U+0060 */
    {.bitmap_index = 1120, .adv_w = 160, .box_w = 10, .box_h = 10, .ofs_x = 0, .ofs_y = 0}, /* U+0061 */
    {.bitmap_index = 1133, .adv_w = 176, .box_w = 11, .box_h = 15, .ofs_x = 0, .ofs_y = 0}, /* U+0062 */
    {.bitmap_index = 1154, .adv_w = 144, .box_w = 9, .box_h = 10, .ofs_x = 0, .ofs_y = 0}, /* U+0063 */
    {.bitmap_index = 1166, .adv_w = 176, .box_w = 11, .box_h = 15, .ofs_x = 0, .ofs_y = 0}, /* U+0064 */
    {.bitmap_index = 1187, .adv_w = 160, .box_w = 10, .box_h = 10, .ofs_x = 0, .ofs_y = 0}, /* U+0065 */
    {.bitmap_index = 1200, .adv_w = 96, .box_w = 7, .box_h = 15, .ofs_x = 0, .ofs_y = 0}, /* U+0066 */
    {.bitmap_index = 1214, .adv_w = 160, .box_w = 10, .box_h = 15, .ofs_x = 0, .ofs_y = -5}, /* U+0067 */
    {.bitmap_index = 1233, .adv_w = 176, .box_w = 11, .box_h = 15, .ofs_x = 0, .ofs_y = 0}, /* U+0068 */
    {.bitmap_index = 1254, .adv_w = 80, .box_w = 5, .box_h = 15, .ofs_x = 0, .ofs_y = 0}, /* U+0069 */
    {.bitmap_index = 1264, .adv_w = 80, .box_w = 6, .box_h = 20, .ofs_x = -1, .ofs_y = -5}, /* U+006A */
    {.bitmap_index = 1279, .adv_w = 160, .box_w = 10, .box_h = 15, .ofs_x = 0, .ofs_y = 0}, /* U+006B */
    {.bitmap_index = 1298, .adv_w = 80, .box_w = 5, .box_h = 15, .ofs_x = 0, .ofs_y = 0}, /* U+006C */
    {.bitmap_index = 1308, .adv_w = 272, .box_w = 17, .box_h = 10, .ofs_x = 0, .ofs_y = 0}, /* U+006D */
    {.bitmap_index = 1330, .adv_w = 176, .box_w = 11, .box_h = 10, .ofs_x = 0, .ofs_y = 0}, /* U+006E */
    {.bitmap_index = 1344, .adv_w = 176, .box_w = 11, .box_h = 10, .ofs_x = 0, .ofs_y = 0}, /* U+006F */
    {.bitmap_index = 1358, .adv_w = 176, .box_w = 11, .box_h = 15, .ofs_x = 0, .ofs_y = -5}, /* U+0070 */
    {.bitmap_index = 1379, .adv_w = 176, .box_w = 11, .box_h = 15, .ofs_x = 0, .ofs_y = -5}, /* U+0071 */
    {.bitmap_index = 1400, .adv_w = 112, .box_w = 7, .box_h = 10, .ofs_x = 0, .ofs_y = 0}, /* U+0072 */
    {.bitmap_index = 1409, .adv_w = 128, .box_w = 8, .box_h = 10, .ofs_x = 0, .ofs_y = 0}, /* U+0073 */
    {.bitmap_index = 1419, .adv_w = 112, .box_w = 7, .box_h = 13, .ofs_x = 0, .ofs_y = 0}, /* U+0074 */
    {.bitmap_index = 1431, .adv_w = 176, .box_w = 11, .box_h = 10, .ofs_x = 0, .ofs_y = 0}, /* U+0075 */
    {.bitmap_index = 1445, .adv_w = 144, .box_w = 9, .box_h = 10, .ofs_x = 0, .ofs_y = 0}, /* U+0076 */
    {.bitmap_index = 1457, .adv_w = 224, .box_w = 14, .box_h = 10, .ofs_x = 0, .ofs_y = 0}, /* U+0077 */
    {.bitmap_index = 1475, .adv_w = 144, .box_w = 9, .box_h = 10, .ofs_x = 0, .ofs_y = 0}, /* U+0078 */
    {.bitmap_index = 1487, .adv_w = 144, .box_w = 9, .box_h = 15, .ofs_x = 0, .ofs_y = -5}, /* U+0079 */
    {.bitmap_index = 1504, .adv_w = 128, .box_w = 8, .box_h = 10, .ofs_x = 0, .ofs_y = 0}, /* U+007A */
    {.bitmap_index = 1514, .adv_w = 96, .box_w = 6, .box_h = 17, .ofs_x = 0, .ofs_y = -3}, /* U+007B */
    {.bitmap_index = 1527, .adv_w = 80, .box_w = 5, .box_h = 21, .ofs_x = 0, .ofs_y = -5}, /* U+007C */
    {.bitmap_index = 1541, .adv_w = 96, .box_w = 6, .box_h = 17, .ofs_x = 0, .ofs_y = -3}, /* U+007D */
    {.bitmap_index = 1554, .adv_w = 160, .box_w = 10, .box_h = 8, .ofs_x = 0, .ofs_y = 0}, /* U+007E */
    {.bitmap_index = 1564, .adv_w = 256, .box_w = 16, .box_h = 6, .ofs_x = 0, .ofs_y = 0}, /* U+2014 */
    {.bitmap_index = 1576, .adv_w = 288, .box_w = 18, .box_h = 8, .ofs_x = 0, .ofs_y = 0}, /* U+2026 */
    {.bitmap_index = 1594, .adv_w = 288, .box_w = 18, .box_h = 5, .ofs_x = 0, .ofs_y = -1}, /* U+3001 */
    {.bitmap_index = 1606, .adv_w = 288, .box_w = 18, .box_h = 5, .ofs_x = 0, .ofs_y = -1}, /* U+3002 */
    {.bitmap_index = 1618, .adv_w = 288, .box_w = 18, .box_h = 8, .ofs_x = 0, .ofs_y = 0}, /* U+4E00 */
    {.bitmap_index = 1636, .adv_w = 288, .box_w = 18, .box_h = 17, .ofs_x = 0, .ofs_y = -2}, /* U+4E07 */
    {.bitmap_index = 1675, .adv_w = 288, .box_w = 18, .box_h = 15, .ofs_x = 0, .ofs_y = -1}, /* U+4E09 */
    {.bitmap_index = 1709, .adv_w = 288, .box_w = 18, .box_h = 17, .ofs_x = 0, .ofs_y = -1}, /* U+4E0A */
    {.bitmap_index = 1748, .adv_w = 288, .box_w = 18, .box_h = 17, .ofs_x = 0, .ofs_y = -2}, /* U+4E0B */
    {.bitmap_index = 1787, .adv_w = 288, .box_w = 18, .box_h = 18, .ofs_x = 0, .ofs_y = -2}, /* U+4E0E */
    {.bitmap_index = 1828, .adv_w = 288, .box_w = 18, .box_h = 17, .ofs_x = 0, .ofs_y = -1}, /* U+4E2A */
    {.bitmap_index = 1867, .adv_w = 288, .box_w = 18, .box_h = 18, .ofs_x = 0, .ofs_y = -2}, /* U+4E2D */
    {.bitmap_index = 1908, .adv_w = 288, .box_w = 18, .box_h = 18, .ofs_x = 0, .ofs_y = -2}, /* U+4E4B */
    {.bitmap_index = 1949, .adv_w = 288, .box_w = 18, .box_h = 17, .ofs_x = 0, .ofs_y = -2}, /* U+4E86 */
    {.bitmap_index = 1988, .adv_w = 288, .box_w = 18, .box_h = 13, .ofs_x = 0, .ofs_y = 0}, /* U+4E8C */
    {.bitmap_index = 2018, .adv_w = 288, .box_w = 18, .box_h = 15, .ofs_x = 0, .ofs_y = -1}, /* U+4E94 */
    {.bitmap_index = 2052, .adv_w = 288, .box_w = 18, .box_h = 17, .ofs_x = 0, .ofs_y = -1}, /* U+4EBA */
    {.bitmap_index = 2091, .adv_w = 288, .box_w = 18, .box_h = 19, .ofs_x = 0, .ofs_y = -3}, /* U+4EEC */
    {.bitmap_index = 2134, .adv_w = 288, .box_w = 18, .box_h = 18, .ofs_x = 0, .ofs_y = -2}, /* U+4EF6 */
    {.bitmap_index = 2175, .adv_w = 288, .box_w = 18, .box_h = 18, .ofs_x = 0, .ofs_y = -2}, /* U+4EFD */
    {.bitmap_index = 2216, .adv_w = 288, .box_w = 18, .box_h = 18, .ofs_x = 0, .ofs_y = -2}, /* U+4F11 */
    {.bitmap_index = 2257, .adv_w = 288, .box_w = 18, .box_h = 18, .ofs_x = 0, .ofs_y = -2}, /* U+4F1A */
    {.bitmap_index = 2298, .adv_w = 288, .box_w = 18, .box_h = 18, .ofs_x = 0, .ofs_y = -2}, /* U+4F20 */
    {.bitmap_index = 2339, .adv_w = 288, .box_w = 18, .box_h = 18, .ofs_x = 0, .ofs_y = -2}, /* U+4F53 */
    {.bitmap_index = 2380, .adv_w = 288, .box_w = 18, .box_h = 18, .ofs_x = 0, .ofs_y = -2}, /* U+4F60 */
    {.bitmap_index = 2421, .adv_w = 288, .box_w = 18, .box_h = 18, .ofs_x = 0, .ofs_y = -2}, /* U+4FDD */
    {.bitmap_index = 2462, .adv_w = 288, .box_w = 18, .box_h = 18, .ofs_x = 0, .ofs_y = -2}, /* U+4FE1 */
    {.bitmap_index = 2503, .adv_w = 288, .box_w = 18, .box_h = 18, .ofs_x = 0, .ofs_y = -2}, /* U+4FEE */
    {.bitmap_index = 2544, .adv_w = 288, .box_w = 18, .box_h = 18, .ofs_x = 0, .ofs_y = -2}, /* U+4FF1 */
    {.bitmap_index = 2585, .adv_w = 288, .box_w = 18, .box_h = 18, .ofs_x = 0, .ofs_y = -2}, /* U+50A8 */
    {.bitmap_index = 2626, .adv_w = 288, .box_w = 18, .box_h = 16, .ofs_x = 0, .ofs_y = -1}, /* U+5165 */
    {.bitmap_index = 2662, .adv_w = 288, .box_w = 18, .box_h = 18, .ofs_x = 0, .ofs_y = -2}, /* U+5168 */
    {.bitmap_index = 2703, .adv_w = 288, .box_w = 18, .box_h = 18, .ofs_x = 0, .ofs_y = -2}, /* U+516D */
    {.bitmap_index = 2744, .adv_w = 288, .box_w = 18, .box_h = 18, .ofs_x = 0, .ofs_y = -2}, /* U+5173 */
    {.bitmap_index = 2785, .adv_w = 288, .box_w = 18, .box_h = 19, .ofs_x = 0, .ofs_y = -3}, /* U+5185 */
    {.bitmap_index = 2828, .adv_w = 288, .box_w = 18, .box_h = 18, .ofs_x = 0, .ofs_y = -3}, /* U+518D */
    {.bitmap_index = 2869, .adv_w = 288, .box_w = 18, .box_h = 18, .ofs_x = 0, .ofs_y = -2}, /* U+51FA */
    {.bitmap_index = 2910, .adv_w = 288, .box_w = 18, .box_h = 18, .ofs_x = 0, .ofs_y = -2}, /* U+51FB */
    {.bitmap_index = 2951, .adv_w = 288, .box_w = 18, .box_h = 18, .ofs_x = 0, .ofs_y = -2}, /* U+5206 */
    {.bitmap_index = 2992, .adv_w = 288, .box_w = 18, .box_h = 17, .ofs_x = 0, .ofs_y = -2}, /* U+5207 */
    {.bitmap_index = 3031, .adv_w = 288, .box_w = 18, .box_h = 19, .ofs_x = 0, .ofs_y = -3}, /* U+5217 */
    {.bitmap_index = 3074, .adv_w = 288, .box_w = 18, .box_h = 18, .ofs_x = 0, .ofs_y = -2}, /* U+521D */
    {.bitmap_index = 3115, .adv_w = 288, .box_w = 18, .box_h = 19, .ofs_x = 0, .ofs_y = -3}, /* U+522B */
    {.bitmap_index = 3158, .adv_w = 288, .box_w = 18, .box_h = 18, .ofs_x = 0, .ofs_y = -2}, /* U+5237 */
    {.bitmap_index = 3199, .adv_w = 288, .box_w = 18, .box_h = 19, .ofs_x = 0, .ofs_y = -3}, /* U+524D */
    {.bitmap_index = 3242, .adv_w = 288, .box_w = 18, .box_h = 18, .ofs_x = 0, .ofs_y = -2}, /* U+52A0 */
    {.bitmap_index = 3283, .adv_w = 288, .box_w = 18, .box_h = 18, .ofs_x = 0, .ofs_y = -2}, /* U+52A8 */
    {.bitmap_index = 3324, .adv_w = 288, .box_w = 18, .box_h = 18, .ofs_x = 0, .ofs_y = -2}, /* U+5316 */
    {.bitmap_index = 3365, .adv_w = 288, .box_w = 18, .box_h = 18, .ofs_x = 0, .ofs_y = -2}, /* U+5355 */
    {.bitmap_index = 3406, .adv_w = 288, .box_w = 18, .box_h = 18, .ofs_x = 0, .ofs_y = -2}, /* U+535A */
    {.bitmap_index = 3447, .adv_w = 288, .box_w = 18, .box_h = 18, .ofs_x = 0, .ofs_y = -2}, /* U+5361 */
    {.bitmap_index = 3488, .adv_w = 288, .box_w = 18, .box_h = 17, .ofs_x = 0, .ofs_y = -2}, /* U+5386 */
    {.bitmap_index = 3527, .adv_w = 288, .box_w = 18, .box_h = 18, .ofs_x = 0, .ofs_y = -2}, /* U+53C2 */
    {.bitmap_index = 3568, .adv_w = 288, .box_w = 18, .box_h = 17, .ofs_x = 0, .ofs_y = -2}, /* U+53CC */
    {.bitmap_index = 3607, .adv_w = 288, .box_w = 18, .box_h = 17, .ofs_x = 0, .ofs_y = -2}, /* U+53D6 */
    {.bitmap_index = 3646, .adv_w = 288, .box_w = 18, .box_h = 17, .ofs_x = 0, .ofs_y = -2}, /* U+53EF */
    {.bitmap_index = 3685, .adv_w = 288, .box_w = 18, .box_h = 18, .ofs_x = 0, .ofs_y = -3}, /* U+540C */
    {.bitmap_index = 3726, .adv_w = 288, .box_w = 18, .box_h = 18, .ofs_x = 0, .ofs_y = -2}, /* U+540E */
    {.bitmap_index = 3767, .adv_w = 288, .box_w = 18, .box_h = 18, .ofs_x = 0, .ofs_y = -3}, /* U+5417 */
    {.bitmap_index = 3808, .adv_w = 288, .box_w = 18, .box_h = 18, .ofs_x = 0, .ofs_y = -2}, /* U+542F */
    {.bitmap_index = 3849, .adv_w = 288, .box_w = 18, .box_h = 17, .ofs_x = 0, .ofs_y = -2}, /* U+5438 */
    {.bitmap_index = 3888, .adv_w = 288, .box_w = 18, .box_h = 18, .ofs_x = 0, .ofs_y = -3}, /* U+5468 */
    {.bitmap_index = 3929, .adv_w = 288, .box_w = 18, .box_h = 18, .ofs_x = 0, .ofs_y = -2}, /* U+547C */
    {.bitmap_index = 3970, .adv_w = 288, .box_w = 18, .box_h = 18, .ofs_x = 0, .ofs_y = -2}, /* U+548C */
    {.bitmap_index = 4011, .adv_w = 288, .box_w = 18, .box_h = 18, .ofs_x = 0, .ofs_y = -2}, /* U+5524 */
    {.bitmap_index = 4052, .adv_w = 288, .box_w = 18, .box_h = 15, .ofs_x = 0, .ofs_y = -1}, /* U+56DB */
    {.bitmap_index = 4086, .adv_w = 288, .box_w = 18, .box_h = 17, .ofs_x = 0, .ofs_y = -2}, /* U+56DE */
    {.bitmap_index = 4125, .adv_w = 288, .box_w = 18, .box_h = 17, .ofs_x = 0, .ofs_y = -2}, /* U+56FA */
    {.bitmap_index = 4164, .adv_w = 288, .box_w = 18, .box_h = 17, .ofs_x = 0, .ofs_y = -2}, /* U+56FE */
    {.bitmap_index = 4203, .adv_w = 288, .box_w = 18, .box_h = 18, .ofs_x = 0, .ofs_y = -2}, /* U+5728 */
    {.bitmap_index = 4244, .adv_w = 288, .box_w = 18, .box_h = 17, .ofs_x = 0, .ofs_y = -1}, /* U+578B */
    {.bitmap_index = 4283, .adv_w = 288, .box_w = 18, .box_h = 17, .ofs_x = 0, .ofs_y = -1}, /* U+58EB */
    {.bitmap_index = 4322, .adv_w = 288, .box_w = 18, .box_h = 18, .ofs_x = 0, .ofs_y = -2}, /* U+5907 */
    {.bitmap_index = 4363, .adv_w = 288, .box_w = 18, .box_h = 18, .ofs_x = 0, .ofs_y = -2}, /* U+591A */
    {.bitmap_index = 4404, .adv_w = 288, .box_w = 18, .box_h = 17, .ofs_x = 0, .ofs_y = -2}, /* U+5929 */
    {.bitmap_index = 4443, .adv_w = 288, .box_w = 18, .box_h = 18, .ofs_x = 0, .ofs_y = -2}, /* U+592A */
    {.bitmap_index = 4484, .adv_w = 288, .box_w = 18, .box_h = 18, .ofs_x = 0, .ofs_y = -2}, /* U+5931 */
    {.bitmap_index = 4525, .adv_w = 288, .box_w = 18, .box_h = 18, .ofs_x = 0, .ofs_y = -2}, /* U+59CB */
    {.bitmap_index = 4566, .adv_w = 288, .box_w = 18, .box_h = 18, .ofs_x = 0, .ofs_y = -2}, /* U+5B58 */
    {.bitmap_index = 4607, .adv_w = 288, .box_w = 18, .box_h = 18, .ofs_x = 0, .ofs_y = -2}, /* U+5B89 */
    {.bitmap_index = 4648, .adv_w = 288, .box_w = 18, .box_h = 18, .ofs_x = 0, .ofs_y = -2}, /* U+5B8C */
    {.bitmap_index = 4689, .adv_w = 288, .box_w = 18, .box_h = 18, .ofs_x = 0, .ofs_y = -2}, /* U+5B9A */
    {.bitmap_index = 4730, .adv_w = 288, .box_w = 18, .box_h = 18, .ofs_x = 0, .ofs_y = -2}, /* U+5B9E */
    {.bitmap_index = 4771, .adv_w = 288, .box_w = 18, .box_h = 18, .ofs_x = 0, .ofs_y = -2}, /* U+5BB9 */
    {.bitmap_index = 4812, .adv_w = 288, .box_w = 18, .box_h = 18, .ofs_x = 0, .ofs_y = -2}, /* U+5BC2 */
    {.bitmap_index = 4853, .adv_w = 288, .box_w = 18, .box_h = 18, .ofs_x = 0, .ofs_y = -2}, /* U+5C0F */
    {.bitmap_index = 4894, .adv_w = 288, .box_w = 18, .box_h = 19, .ofs_x = 0, .ofs_y = -3}, /* U+5C1A */
    {.bitmap_index = 4937, .adv_w = 288, .box_w = 18, .box_h = 17, .ofs_x = 0, .ofs_y = -2}, /* U+5C4F */
    {.bitmap_index = 4976, .adv_w = 288, .box_w = 18, .box_h = 17, .ofs_x = 0, .ofs_y = -2}, /* U+5C65 */
    {.bitmap_index = 5015, .adv_w = 288, .box_w = 18, .box_h = 17, .ofs_x = 0, .ofs_y = -2}, /* U+5DF2 */
    {.bitmap_index = 5054, .adv_w = 288, .box_w = 18, .box_h = 18, .ofs_x = 0, .ofs_y = -2}, /* U+5E27 */
    {.bitmap_index = 5095, .adv_w = 288, .box_w = 18, .box_h = 18, .ofs_x = 0, .ofs_y = -2}, /* U+5E55 */
    {.bitmap_index = 5136, .adv_w = 288, .box_w = 18, .box_h = 18, .ofs_x = 0, .ofs_y = -2}, /* U+5E74 */
    {.bitmap_index = 5177, .adv_w = 288, .box_w = 18, .box_h = 19, .ofs_x = 0, .ofs_y = -3}, /* U+5E8F */
    {.bitmap_index = 5220, .adv_w = 288, .box_w = 18, .box_h = 18, .ofs_x = 0, .ofs_y = -2}, /* U+5E94 */
    {.bitmap_index = 5261, .adv_w = 288, .box_w = 18, .box_h = 18, .ofs_x = 0, .ofs_y = -2}, /* U+5EA6 */
    {.bitmap_index = 5302, .adv_w = 288, .box_w = 18, .box_h = 17, .ofs_x = 0, .ofs_y = -2}, /* U+5F00 */
    {.bitmap_index = 5341, .adv_w = 288, .box_w = 18, .box_h = 18, .ofs_x = 0, .ofs_y = -2}, /* U+5F20 */
    {.bitmap_index = 5382, .adv_w = 288, .box_w = 18, .box_h = 18, .ofs_x = 0, .ofs_y = -2}, /* U+5F53 */
    {.bitmap_index = 5423, .adv_w = 288, .box_w = 18, .box_h = 19, .ofs_x = 0, .ofs_y = -3}, /* U+5F85 */
    {.bitmap_index = 5466, .adv_w = 288, .box_w = 18, .box_h = 17, .ofs_x = 0, .ofs_y = -2}, /* U+5FC3 */
    {.bitmap_index = 5505, .adv_w = 288, .box_w = 18, .box_h = 18, .ofs_x = 0, .ofs_y = -2}, /* U+5FD8 */
    {.bitmap_index = 5546, .adv_w = 288, .box_w = 18, .box_h = 18, .ofs_x = 0, .ofs_y = -2}, /* U+5FD9 */
    {.bitmap_index = 5587, .adv_w = 288, .box_w = 18, .box_h = 18, .ofs_x = 0, .ofs_y = -2}, /* U+606F */
    {.bitmap_index = 5628, .adv_w = 288, .box_w = 18, .box_h = 18, .ofs_x = 0, .ofs_y = -2}, /* U+60F3 */
    {.bitmap_index = 5669, .adv_w = 288, .box_w = 18, .box_h = 18, .ofs_x = 0, .ofs_y = -2}, /* U+6210 */
    {.bitmap_index = 5710, .adv_w = 288, .box_w = 18, .box_h = 19, .ofs_x = 0, .ofs_y = -3}, /* U+6211 */
    {.bitmap_index = 5753, .adv_w = 288, .box_w = 18, .box_h = 18, .ofs_x = 0, .ofs_y = -2}, /* U+624B */
    {.bitmap_index = 5794, .adv_w = 288, .box_w = 18, .box_h = 19, .ofs_x = 0, .ofs_y = -3}, /* U+62E9 */
    {.bitmap_index = 5837, .adv_w = 288, .box_w = 18, .box_h = 19, .ofs_x = 0, .ofs_y = -3}, /* U+6301 */
    {.bitmap_index = 5880, .adv_w = 288, .box_w = 18, .box_h = 18, .ofs_x = 0, .ofs_y = -2}, /* U+6302 */
    {.bitmap_index = 5921, .adv_w = 288, .box_w = 18, .box_h = 19, .ofs_x = 0, .ofs_y = -3}, /* U+6307 */
    {.bitmap_index = 5964, .adv_w = 288, .box_w = 18, .box_h = 19, .ofs_x = 0, .ofs_y = -3}, /* U+6309 */
    {.bitmap_index = 6007, .adv_w = 288, .box_w = 18, .box_h = 19, .ofs_x = 0, .ofs_y = -3}, /* U+6362 */
    {.bitmap_index = 6050, .adv_w = 288, .box_w = 18, .box_h = 19, .ofs_x = 0, .ofs_y = -3}, /* U+63A5 */
    {.bitmap_index = 6093, .adv_w = 288, .box_w = 18, .box_h = 19, .ofs_x = 0, .ofs_y = -3}, /* U+63A8 */
    {.bitmap_index = 6136, .adv_w = 288, .box_w = 18, .box_h = 18, .ofs_x = 0, .ofs_y = -2}, /* U+63D0 */
    {.bitmap_index = 6177, .adv_w = 288, .box_w = 18, .box_h = 18, .ofs_x = 0, .ofs_y = -2}, /* U+63D2 */
    {.bitmap_index = 6218, .adv_w = 288, .box_w = 18, .box_h = 19, .ofs_x = 0, .ofs_y = -3}, /* U+64AD */
    {.bitmap_index = 6261, .adv_w = 288, .box_w = 18, .box_h = 18, .ofs_x = 0, .ofs_y = -2}, /* U+652F */
    {.bitmap_index = 6302, .adv_w = 288, .box_w = 18, .box_h = 18, .ofs_x = 0, .ofs_y = -2}, /* U+6536 */
    {.bitmap_index = 6343, .adv_w = 288, .box_w = 18, .box_h = 18, .ofs_x = 0, .ofs_y = -2}, /* U+6539 */
    {.bitmap_index = 6384, .adv_w = 288, .box_w = 18, .box_h = 18, .ofs_x = 0, .ofs_y = -2}, /* U+653E */
    {.bitmap_index = 6425, .adv_w = 288, .box_w = 18, .box_h = 18, .ofs_x = 0, .ofs_y = -2}, /* U+6570 */
    {.bitmap_index = 6466, .adv_w = 288, .box_w = 18, .box_h = 18, .ofs_x = 0, .ofs_y = -2}, /* U+6574 */
    {.bitmap_index = 6507, .adv_w = 288, .box_w = 18, .box_h = 18, .ofs_x = 0, .ofs_y = -2}, /* U+6587 */
    {.bitmap_index = 6548, .adv_w = 288, .box_w = 18, .box_h = 18, .ofs_x = 0, .ofs_y = -2}, /* U+6599 */
    {.bitmap_index = 6589, .adv_w = 288, .box_w = 18, .box_h = 18, .ofs_x = 0, .ofs_y = -2}, /* U+65B0 */
    {.bitmap_index = 6630, .adv_w = 288, .box_w = 18, .box_h = 17, .ofs_x = 0, .ofs_y = -2}, /* U+65E0 */
    {.bitmap_index = 6669, .adv_w = 288, .box_w = 18, .box_h = 17, .ofs_x = 0, .ofs_y = -2}, /* U+65E5 */
    {.bitmap_index = 6708, .adv_w = 288, .box_w = 18, .box_h = 18, .ofs_x = 0, .ofs_y = -2}, /* U+65F6 */
    {.bitmap_index = 6749, .adv_w = 288, .box_w = 18, .box_h = 17, .ofs_x = 0, .ofs_y = -2}, /* U+661F */
    {.bitmap_index = 6788, .adv_w = 288, .box_w = 18, .box_h = 16, .ofs_x = 0, .ofs_y = -1}, /* U+663E */
    {.bitmap_index = 6824, .adv_w = 288, .box_w = 18, .box_h = 18, .ofs_x = 0, .ofs_y = -2}, /* U+6682 */
    {.bitmap_index = 6865, .adv_w = 288, .box_w = 18, .box_h = 19, .ofs_x = 0, .ofs_y = -3}, /* U+6709 */
    {.bitmap_index = 6908, .adv_w = 288, .box_w = 18, .box_h = 18, .ofs_x = 0, .ofs_y = -2}, /* U+671F */
    {.bitmap_index = 6949, .adv_w = 288, .box_w = 18, .box_h = 18, .ofs_x = 0, .ofs_y = -2}, /* U+672A */
    {.bitmap_index = 6990, .adv_w = 288, .box_w = 18, .box_h = 18, .ofs_x = 0, .ofs_y = -2}, /* U+672C */
    {.bitmap_index = 7031, .adv_w = 288, .box_w = 18, .box_h = 18, .ofs_x = 0, .ofs_y = -2}, /* U+673A */
    {.bitmap_index = 7072, .adv_w = 288, .box_w = 18, .box_h = 18, .ofs_x = 0, .ofs_y = -2}, /* U+6765 */
    {.bitmap_index = 7113, .adv_w = 288, .box_w = 18, .box_h = 18, .ofs_x = 0, .ofs_y = -2}, /* U+677F */
    {.bitmap_index = 7154, .adv_w = 288, .box_w = 18, .box_h = 18, .ofs_x = 0, .ofs_y = -2}, /* U+67E5 */
    {.bitmap_index = 7195, .adv_w = 288, .box_w = 18, .box_h = 18, .ofs_x = 0, .ofs_y = -2}, /* U+6848 */
    {.bitmap_index = 7236, .adv_w = 288, .box_w = 18, .box_h = 18, .ofs_x = 0, .ofs_y = -2}, /* U+6863 */
    {.bitmap_index = 7277, .adv_w = 288, .box_w = 18, .box_h = 18, .ofs_x = 0, .ofs_y = -2}, /* U+68A6 */
    {.bitmap_index = 7318, .adv_w = 288, .box_w = 18, .box_h = 18, .ofs_x = 0, .ofs_y = -2}, /* U+6A21 */
    {.bitmap_index = 7359, .adv_w = 288, .box_w = 18, .box_h = 18, .ofs_x = 0, .ofs_y = -2}, /* U+6B21 */
    {.bitmap_index = 7400, .adv_w = 288, .box_w = 18, .box_h = 18, .ofs_x = 0, .ofs_y = -2}, /* U+6B65 */
    {.bitmap_index = 7441, .adv_w = 288, .box_w = 18, .box_h = 17, .ofs_x = 0, .ofs_y = -1}, /* U+6BEB */
    {.bitmap_index = 7480, .adv_w = 288, .box_w = 18, .box_h = 18, .ofs_x = 0, .ofs_y = -2}, /* U+6C14 */
    {.bitmap_index = 7521, .adv_w = 288, .box_w = 18, .box_h = 18, .ofs_x = 0, .ofs_y = -2}, /* U+6C8C */
    {.bitmap_index = 7562, .adv_w = 288, .box_w = 18, .box_h = 18, .ofs_x = 0, .ofs_y = -2}, /* U+6CA1 */
    {.bitmap_index = 7603, .adv_w = 288, .box_w = 18, .box_h = 18, .ofs_x = 0, .ofs_y = -2}, /* U+6CD5 */
    {.bitmap_index = 7644, .adv_w = 288, .box_w = 18, .box_h = 18, .ofs_x = 0, .ofs_y = -2}, /* U+6D4F */
    {.bitmap_index = 7685, .adv_w = 288, .box_w = 18, .box_h = 18, .ofs_x = 0, .ofs_y = -2}, /* U+6DF1 */
    {.bitmap_index = 7726, .adv_w = 288, .box_w = 18, .box_h = 18, .ofs_x = 0, .ofs_y = -2}, /* U+6DF7 */
    {.bitmap_index = 7767, .adv_w = 288, .box_w = 18, .box_h = 18, .ofs_x = 0, .ofs_y = -2}, /* U+706F */
    {.bitmap_index = 7808, .adv_w = 288, .box_w = 18, .box_h = 18, .ofs_x = 0, .ofs_y = -2}, /* U+7136 */
    {.bitmap_index = 7849, .adv_w = 288, .box_w = 18, .box_h = 17, .ofs_x = 0, .ofs_y = -2}, /* U+7167 */
    {.bitmap_index = 7888, .adv_w = 288, .box_w = 18, .box_h = 18, .ofs_x = 0, .ofs_y = -2}, /* U+7247 */
    {.bitmap_index = 7929, .adv_w = 288, .box_w = 18, .box_h = 18, .ofs_x = 0, .ofs_y = -3}, /* U+7259 */
    {.bitmap_index = 7970, .adv_w = 288, .box_w = 18, .box_h = 18, .ofs_x = 0, .ofs_y = -2}, /* U+7269 */
    {.bitmap_index = 8011, .adv_w = 288, .box_w = 18, .box_h = 17, .ofs_x = 0, .ofs_y = -2}, /* U+73A9 */
    {.bitmap_index = 8050, .adv_w = 288, .box_w = 18, .box_h = 16, .ofs_x = 0, .ofs_y = -1}, /* U+7406 */
    {.bitmap_index = 8086, .adv_w = 288, .box_w = 18, .box_h = 17, .ofs_x = 0, .ofs_y = -2}, /* U+7528 */
    {.bitmap_index = 8125, .adv_w = 288, .box_w = 18, .box_h = 18, .ofs_x = 0, .ofs_y = -2}, /* U+7535 */
    {.bitmap_index = 8166, .adv_w = 288, .box_w = 18, .box_h = 17, .ofs_x = 0, .ofs_y = -2}, /* U+753B */
    {.bitmap_index = 8205, .adv_w = 288, .box_w = 18, .box_h = 18, .ofs_x = 0, .ofs_y = -2}, /* U+7559 */
    {.bitmap_index = 8246, .adv_w = 288, .box_w = 18, .box_h = 18, .ofs_x = 0, .ofs_y = -2}, /* U+767D */
    {.bitmap_index = 8287, .adv_w = 288, .box_w = 18, .box_h = 19, .ofs_x = 0, .ofs_y = -3}, /* U+7684 */
    {.bitmap_index = 8330, .adv_w = 288, .box_w = 18, .box_h = 18, .ofs_x = 0, .ofs_y = -2}, /* U+770B */
    {.bitmap_index = 8371, .adv_w = 288, .box_w = 18, .box_h = 17, .ofs_x = 0, .ofs_y = -2}, /* U+7720 */
    {.bitmap_index = 8410, .adv_w = 288, .box_w = 18, .box_h = 17, .ofs_x = 0, .ofs_y = -2}, /* U+773C */
    {.bitmap_index = 8449, .adv_w = 288, .box_w = 18, .box_h = 18, .ofs_x = 0, .ofs_y = -2}, /* U+775B */
    {.bitmap_index = 8490, .adv_w = 288, .box_w = 18, .box_h = 18, .ofs_x = 0, .ofs_y = -2}, /* U+786E */
    {.bitmap_index = 8531, .adv_w = 288, .box_w = 18, .box_h = 17, .ofs_x = 0, .ofs_y = -2}, /* U+793A */
    {.bitmap_index = 8570, .adv_w = 288, .box_w = 18, .box_h = 18, .ofs_x = 0, .ofs_y = -2}, /* U+79D2 */
    {.bitmap_index = 8611, .adv_w = 288, .box_w = 18, .box_h = 18, .ofs_x = 0, .ofs_y = -2}, /* U+7B2C */
    {.bitmap_index = 8652, .adv_w = 288, .box_w = 18, .box_h = 18, .ofs_x = 0, .ofs_y = -2}, /* U+7B49 */
    {.bitmap_index = 8693, .adv_w = 288, .box_w = 18, .box_h = 19, .ofs_x = 0, .ofs_y = -3}, /* U+7B80 */
    {.bitmap_index = 8736, .adv_w = 288, .box_w = 18, .box_h = 18, .ofs_x = 0, .ofs_y = -2}, /* U+7BA1 */
    {.bitmap_index = 8777, .adv_w = 288, .box_w = 18, .box_h = 18, .ofs_x = 0, .ofs_y = -2}, /* U+7C41 */
    {.bitmap_index = 8818, .adv_w = 288, .box_w = 18, .box_h = 18, .ofs_x = 0, .ofs_y = -2}, /* U+7CFB */
    {.bitmap_index = 8859, .adv_w = 288, .box_w = 18, .box_h = 18, .ofs_x = 0, .ofs_y = -2}, /* U+7EA6 */
    {.bitmap_index = 8900, .adv_w = 288, .box_w = 18, .box_h = 18, .ofs_x = 0, .ofs_y = -2}, /* U+7EBF */
    {.bitmap_index = 8941, .adv_w = 288, .box_w = 18, .box_h = 18, .ofs_x = 0, .ofs_y = -2}, /* U+7EDC */
    {.bitmap_index = 8982, .adv_w = 288, .box_w = 18, .box_h = 18, .ofs_x = 0, .ofs_y = -2}, /* U+7EDF */
    {.bitmap_index = 9023, .adv_w = 288, .box_w = 18, .box_h = 18, .ofs_x = 0, .ofs_y = -2}, /* U+7EED */
    {.bitmap_index = 9064, .adv_w = 288, .box_w = 18, .box_h = 18, .ofs_x = 0, .ofs_y = -3}, /* U+7F51 */
    {.bitmap_index = 9105, .adv_w = 288, .box_w = 18, .box_h = 16, .ofs_x = 0, .ofs_y = -1}, /* U+7F6E */
    {.bitmap_index = 9141, .adv_w = 288, .box_w = 18, .box_h = 18, .ofs_x = 0, .ofs_y = -2}, /* U+81EA */
    {.bitmap_index = 9182, .adv_w = 288, .box_w = 18, .box_h = 18, .ofs_x = 0, .ofs_y = -2}, /* U+83DC */
    {.bitmap_index = 9223, .adv_w = 288, .box_w = 18, .box_h = 18, .ofs_x = 0, .ofs_y = -2}, /* U+84DD */
    {.bitmap_index = 9264, .adv_w = 288, .box_w = 18, .box_h = 19, .ofs_x = 0, .ofs_y = -3}, /* U+884C */
    {.bitmap_index = 9307, .adv_w = 288, .box_w = 18, .box_h = 18, .ofs_x = 0, .ofs_y = -2}, /* U+8868 */
    {.bitmap_index = 9348, .adv_w = 288, .box_w = 18, .box_h = 18, .ofs_x = 0, .ofs_y = -2}, /* U+89C8 */
    {.bitmap_index = 9389, .adv_w = 288, .box_w = 18, .box_h = 18, .ofs_x = 0, .ofs_y = -2}, /* U+8A00 */
    {.bitmap_index = 9430, .adv_w = 288, .box_w = 18, .box_h = 18, .ofs_x = 0, .ofs_y = -2}, /* U+8BA4 */
    {.bitmap_index = 9471, .adv_w = 288, .box_w = 18, .box_h = 18, .ofs_x = 0, .ofs_y = -2}, /* U+8BB0 */
    {.bitmap_index = 9512, .adv_w = 288, .box_w = 18, .box_h = 18, .ofs_x = 0, .ofs_y = -2}, /* U+8BBE */
    {.bitmap_index = 9553, .adv_w = 288, .box_w = 18, .box_h = 18, .ofs_x = 0, .ofs_y = -2}, /* U+8BC1 */
    {.bitmap_index = 9594, .adv_w = 288, .box_w = 18, .box_h = 18, .ofs_x = 0, .ofs_y = -2}, /* U+8BD5 */
    {.bitmap_index = 9635, .adv_w = 288, .box_w = 18, .box_h = 18, .ofs_x = 0, .ofs_y = -2}, /* U+8BED */
    {.bitmap_index = 9676, .adv_w = 288, .box_w = 18, .box_h = 19, .ofs_x = 0, .ofs_y = -3}, /* U+8BF7 */
    {.bitmap_index = 9719, .adv_w = 288, .box_w = 18, .box_h = 18, .ofs_x = 0, .ofs_y = -2}, /* U+8BFB */
    {.bitmap_index = 9760, .adv_w = 288, .box_w = 18, .box_h = 19, .ofs_x = 0, .ofs_y = -3}, /* U+8C03 */
    {.bitmap_index = 9803, .adv_w = 288, .box_w = 18, .box_h = 18, .ofs_x = 0, .ofs_y = -2}, /* U+8D25 */
    {.bitmap_index = 9844, .adv_w = 288, .box_w = 18, .box_h = 18, .ofs_x = 0, .ofs_y = -2}, /* U+8D44 */
    {.bitmap_index = 9885, .adv_w = 288, .box_w = 18, .box_h = 18, .ofs_x = 0, .ofs_y = -2}, /* U+8D77 */
    {.bitmap_index = 9926, .adv_w = 288, .box_w = 18, .box_h = 18, .ofs_x = 0, .ofs_y = -2}, /* U+8DF3 */
    {.bitmap_index = 9967, .adv_w = 288, .box_w = 18, .box_h = 18, .ofs_x = 0, .ofs_y = -2}, /* U+8EAB */
    {.bitmap_index = 10008, .adv_w = 288, .box_w = 18, .box_h = 18, .ofs_x = 0, .ofs_y = -2}, /* U+8F7D */
    {.bitmap_index = 10049, .adv_w = 288, .box_w = 18, .box_h = 18, .ofs_x = 0, .ofs_y = -2}, /* U+8FC7 */
    {.bitmap_index = 10090, .adv_w = 288, .box_w = 18, .box_h = 18, .ofs_x = 0, .ofs_y = -2}, /* U+8FD4 */
    {.bitmap_index = 10131, .adv_w = 288, .box_w = 18, .box_h = 18, .ofs_x = 0, .ofs_y = -2}, /* U+8FD8 */
    {.bitmap_index = 10172, .adv_w = 288, .box_w = 18, .box_h = 18, .ofs_x = 0, .ofs_y = -2}, /* U+8FD9 */
    {.bitmap_index = 10213, .adv_w = 288, .box_w = 18, .box_h = 18, .ofs_x = 0, .ofs_y = -2}, /* U+8FDB */
    {.bitmap_index = 10254, .adv_w = 288, .box_w = 18, .box_h = 18, .ofs_x = 0, .ofs_y = -2}, /* U+8FDE */
    {.bitmap_index = 10295, .adv_w = 288, .box_w = 18, .box_h = 18, .ofs_x = 0, .ofs_y = -2}, /* U+9000 */
    {.bitmap_index = 10336, .adv_w = 288, .box_w = 18, .box_h = 18, .ofs_x = 0, .ofs_y = -2}, /* U+9001 */
    {.bitmap_index = 10377, .adv_w = 288, .box_w = 18, .box_h = 18, .ofs_x = 0, .ofs_y = -2}, /* U+9009 */
    {.bitmap_index = 10418, .adv_w = 288, .box_w = 18, .box_h = 18, .ofs_x = 0, .ofs_y = -2}, /* U+901A */
    {.bitmap_index = 10459, .adv_w = 288, .box_w = 18, .box_h = 18, .ofs_x = 0, .ofs_y = -2}, /* U+901F */
    {.bitmap_index = 10500, .adv_w = 288, .box_w = 18, .box_h = 17, .ofs_x = 0, .ofs_y = -2}, /* U+914D */
    {.bitmap_index = 10539, .adv_w = 288, .box_w = 18, .box_h = 17, .ofs_x = 0, .ofs_y = -2}, /* U+9192 */
    {.bitmap_index = 10578, .adv_w = 288, .box_w = 18, .box_h = 17, .ofs_x = 0, .ofs_y = -2}, /* U+91CC */
    {.bitmap_index = 10617, .adv_w = 288, .box_w = 18, .box_h = 18, .ofs_x = 0, .ofs_y = -2}, /* U+91CD */
    {.bitmap_index = 10658, .adv_w = 288, .box_w = 18, .box_h = 16, .ofs_x = 0, .ofs_y = -1}, /* U+91CF */
    {.bitmap_index = 10694, .adv_w = 288, .box_w = 18, .box_h = 18, .ofs_x = 0, .ofs_y = -2}, /* U+949F */
    {.bitmap_index = 10735, .adv_w = 288, .box_w = 18, .box_h = 18, .ofs_x = 0, .ofs_y = -2}, /* U+952E */
    {.bitmap_index = 10776, .adv_w = 288, .box_w = 18, .box_h = 18, .ofs_x = 0, .ofs_y = -2}, /* U+957F */
    {.bitmap_index = 10817, .adv_w = 288, .box_w = 18, .box_h = 19, .ofs_x = 0, .ofs_y = -3}, /* U+95ED */
    {.bitmap_index = 10860, .adv_w = 288, .box_w = 18, .box_h = 19, .ofs_x = 0, .ofs_y = -3}, /* U+95F4 */
    {.bitmap_index = 10903, .adv_w = 288, .box_w = 18, .box_h = 18, .ofs_x = 0, .ofs_y = -2}, /* U+9677 */
    {.bitmap_index = 10944, .adv_w = 288, .box_w = 18, .box_h = 18, .ofs_x = 0, .ofs_y = -2}, /* U+9694 */
    {.bitmap_index = 10985, .adv_w = 288, .box_w = 18, .box_h = 18, .ofs_x = 0, .ofs_y = -2}, /* U+9759 */
    {.bitmap_index = 11026, .adv_w = 288, .box_w = 18, .box_h = 17, .ofs_x = 0, .ofs_y = -2}, /* U+9762 */
    {.bitmap_index = 11065, .adv_w = 288, .box_w = 18, .box_h = 17, .ofs_x = 0, .ofs_y = -2}, /* U+9875 */
    {.bitmap_index = 11104, .adv_w = 288, .box_w = 18, .box_h = 17, .ofs_x = 0, .ofs_y = -2}, /* U+9879 */
    {.bitmap_index = 11143, .adv_w = 288, .box_w = 18, .box_h = 17, .ofs_x = 0, .ofs_y = -2}, /* U+9ED1 */
    {.bitmap_index = 11182, .adv_w = 288, .box_w = 18, .box_h = 7, .ofs_x = 0, .ofs_y = -3}, /* U+FF0C */
    {.bitmap_index = 11198, .adv_w = 288, .box_w = 18, .box_h = 16, .ofs_x = 0, .ofs_y = -1}, /* U+FF1F */
};
static const uint16_t font_18_unicodes[] = {0, 1, 2, 3, 4, 5, 6, 7, 8, 9, 10, 11, 12, 13, 14, 15, 16, 17, 18, 19, 20, 21, 22, 23, 24, 25, 26, 27, 28, 29, 30, 31, 32, 33, 34, 35, 36, 37, 38, 39, 40, 41, 42, 43, 44, 45, 46, 47, 48, 49, 50, 51, 52, 53, 54, 55, 56, 57, 58, 59, 60, 61, 62, 63, 64, 65, 66, 67, 68, 69, 70, 71, 72, 73, 74, 75, 76, 77, 78, 79, 80, 81, 82, 83, 84, 85, 86, 87, 88, 89, 90, 91, 92, 93, 94, 8180, 8198, 12257, 12258, 19936, 19943, 19945, 19946, 19947, 19950, 19978, 19981, 20011, 20070, 20076, 20084, 20122, 20172, 20182, 20189, 20209, 20218, 20224, 20275, 20288, 20413, 20417, 20430, 20433, 20616, 20805, 20808, 20813, 20819, 20837, 20845, 20954, 20955, 20966, 20967, 20983, 20989, 21003, 21015, 21037, 21120, 21128, 21238, 21301, 21306, 21313, 21350, 21410, 21420, 21430, 21455, 21484, 21486, 21495, 21519, 21528, 21576, 21596, 21612, 21764, 22203, 22206, 22234, 22238, 22280, 22379, 22731, 22759, 22778, 22793, 22794, 22801, 22955, 23352, 23401, 23404, 23418, 23422, 23449, 23458, 23535, 23546, 23599, 23621, 24018, 24071, 24117, 24148, 24175, 24180, 24198, 24288, 24320, 24371, 24421, 24483, 24504, 24505, 24655, 24787, 25072, 25073, 25131, 25289, 25313, 25314, 25319, 25321, 25410, 25477, 25480, 25520, 25522, 25741, 25871, 25878, 25881, 25886, 25936, 25940, 25959, 25977, 26000, 26048, 26053, 26070, 26111, 26142, 26210, 26345, 26367, 26378, 26380, 26394, 26437, 26463, 26565, 26664, 26691, 26758, 27137, 27393, 27461, 27595, 27636, 27756, 27777, 27829, 27951, 28113, 28119, 28751, 28950, 28999, 29223, 29241, 29257, 29577, 29670, 29960, 29973, 29979, 30009, 30301, 30308, 30443, 30464, 30492, 30523, 30798, 31002, 31154, 31500, 31529, 31584, 31617, 31777, 31963, 32390, 32415, 32444, 32447, 32461, 32561, 32590, 33226, 33724, 33981, 34860, 34888, 35240, 35296, 35716, 35728, 35742, 35745, 35765, 35789, 35799, 35803, 35811, 36101, 36132, 36183, 36307, 36491, 36701, 36775, 36788, 36792, 36793, 36795, 36798, 36832, 36833, 36841, 36858, 36863, 37165, 37234, 37292, 37293, 37295, 38015, 38158, 38239, 38349, 38356, 38487, 38516, 38713, 38722, 38997, 39001, 40625, 65260, 65279};
static const lv_font_fmt_txt_cmap_t font_18_cmap[] = {{
    .range_start = 32, .range_length = 65280,
    .glyph_id_start = 1, .unicode_list = font_18_unicodes,
    .list_length = 337, .type = LV_FONT_FMT_TXT_CMAP_SPARSE_TINY
}};
static const lv_font_fmt_txt_dsc_t font_18_dsc = {
    .glyph_bitmap = font_18_bitmap, .glyph_dsc = font_18_glyphs,
    .cmaps = font_18_cmap, .cmap_num = 1, .bpp = 1,
    .bitmap_format = LV_FONT_FMT_TXT_PLAIN, .stride = 0
};
const lv_font_t ui_font_18 = {
    .get_glyph_dsc = lv_font_get_glyph_dsc_fmt_txt,
    .get_glyph_bitmap = lv_font_get_bitmap_fmt_txt,
    .line_height = 22, .base_line = 4,
    .cap_height = 18, .x_height = 12,
    .subpx = LV_FONT_SUBPX_NONE, .kerning = LV_FONT_KERNING_NONE,
    .static_bitmap = 1, .underline_position = -2,
    .underline_thickness = 1, .dsc = &font_18_dsc
};

static const uint8_t font_24_bitmap[] = {
    0x03, 0x80, 0x0f, 0x00, 0x1e, 0x00, 0x36, 0x00, 0xcc, 0x01, 0x98, 0x03, 0x38, 0x0e, 0x30, 0x18,
    0x60, 0x30, 0xe0, 0xe0, 0xc1, 0xff, 0x83, 0xff, 0x8e, 0x03, 0x18, 0x06, 0x30, 0x0e, 0xe0, 0x0d,
    0x80, 0x18, 0x03, 0xf0, 0x1f, 0xf0, 0x78, 0x70, 0xc0, 0x03, 0x80, 0x06, 0x00, 0x0c, 0x00, 0x38,
    0x00, 0x70, 0x00, 0xe0, 0x01, 0xc0, 0x01, 0x80, 0x03, 0x00, 0x07, 0x00, 0x06, 0x01, 0x0f, 0x0e,
    0x0f, 0xf8, 0x07, 0xe0, 0x3f, 0xf8, 0xff, 0xc3, 0x80, 0x0e, 0x00, 0x38, 0x00, 0xe0, 0x03, 0x80,
    0x0e, 0x00, 0x3f, 0xe0, 0xff, 0x83, 0x80, 0x0e, 0x00, 0x38, 0x00, 0xe0, 0x03, 0x80, 0x0e, 0x00,
    0x3f, 0xf8, 0xff, 0xe0, 0x03, 0xf0, 0x07, 0xfc, 0x0e, 0x0c, 0x1c, 0x00, 0x38, 0x00, 0x30, 0x00,
    0x30, 0x00, 0x70, 0x00, 0x70, 0x00, 0x70, 0x7e, 0x70, 0x7e, 0x30, 0x06, 0x30, 0x06, 0x38, 0x06,
    0x18, 0x06, 0x1e, 0x0e, 0x0f, 0xfc, 0x03, 0xf0, 0x38, 0x70, 0xe1, 0xc3, 0x87, 0x0e, 0x1c, 0x38,
    0x70, 0xe1, 0xc3, 0x87, 0x0e, 0x1c, 0x38, 0x70, 0x38, 0x0c, 0x38, 0x18, 0x38, 0x30, 0x38, 0x70,
    0x38, 0xe0, 0x39, 0xc0, 0x39, 0x80, 0x3b, 0x80, 0x3f, 0xc0, 0x3e, 0xc0, 0x3c, 0x60, 0x38, 0x70,
    0x38, 0x30, 0x38, 0x38, 0x38, 0x18, 0x38, 0x1c, 0x38, 0x0c, 0x38, 0x06, 0x38, 0x01, 0xc0, 0x0e,
    0x00, 0x70, 0x03, 0x80, 0x1c, 0x00, 0xe0, 0x07, 0x00, 0x38, 0x01, 0xc0, 0x0e, 0x00, 0x70, 0x03,
    0x80, 0x1c, 0x00, 0xe0, 0x07, 0x00, 0x3f, 0xf1, 0xff, 0x80, 0x38, 0x03, 0x87, 0x80, 0x70, 0xf0,
    0x1e, 0x1e, 0x03, 0xc3, 0x60, 0x78, 0x6c, 0x1b, 0x0d, 0x83, 0x61, 0x98, 0x4c, 0x33, 0x19, 0x86,
    0x63, 0x30, 0xc6, 0x46, 0x18, 0xd8, 0xc3, 0x0b, 0x18, 0x61, 0xc3, 0x0c, 0x38, 0x61, 0x83, 0x0c,
    0x30, 0x01, 0x86, 0x00, 0x30, 0x38, 0x06, 0x1c, 0x03, 0x0f, 0x01, 0x87, 0xc0, 0xc3, 0x60, 0x61,
    0x98, 0x30, 0xcc, 0x18, 0x63, 0x0c, 0x31, 0x86, 0x18, 0x63, 0x0c, 0x39, 0x86, 0x0c, 0xc3, 0x07,
    0x61, 0x81, 0xb0, 0xc0, 0x78, 0x60, 0x3c, 0x30, 0x0e, 0x18, 0x07, 0x00, 0x03, 0xf0, 0x03, 0xfe,
    0x01, 0xe1, 0xc0, 0x60, 0x38, 0x38, 0x06, 0x0c, 0x01, 0xc3, 0x00, 0x31, 0xc0, 0x0c, 0x70, 0x03,
    0x1c, 0x00, 0xc7, 0x00, 0x30, 0xc0, 0x0c, 0x30, 0x07, 0x0e, 0x01, 0x81, 0x80, 0xe0, 0x78, 0x70,
    0x0f, 0xf8, 0x00, 0xfc, 0x00, 0x3f, 0xe0, 0x7f, 0xe0, 0xe0, 0xe1, 0xc0, 0xe3, 0x80, 0xc7, 0x01,
    0x8e, 0x07, 0x1c, 0x0c, 0x38, 0x38, 0x7f, 0xe0, 0xfe, 0x01, 0xc0, 0x03, 0x80, 0x07, 0x00, 0x0e,
    0x00, 0x1c, 0x00, 0x38, 0x00, 0x70, 0x00, 0x07, 0xc0, 0x7f, 0xc1, 0x83, 0x0c, 0x00, 0x30, 0x00,
    0xc0, 0x03, 0x80, 0x07, 0x80, 0x0f, 0xc0, 0x07, 0x80, 0x07, 0x00, 0x0e, 0x00, 0x18, 0x00, 0x62,
    0x01, 0x9e, 0x0c, 0x3f, 0xf0, 0x3f, 0x00, 0x7f, 0xfd, 0xff, 0xe0, 0x30, 0x00, 0xc0, 0x03, 0x00,
    0x0c, 0x00, 0x30, 0x00, 0xc0, 0x03, 0x00, 0x0c, 0x00, 0x30, 0x00, 0xc0, 0x03, 0x00, 0x0c, 0x00,
    0x30, 0x00, 0xc0, 0x03, 0x00, 0x0c, 0x00, 0x00, 0x00, 0x00, 0x00, 0x00, 0xc0, 0x3f, 0xe0, 0x80,
    0x3f, 0xf0, 0x80, 0x00, 0x00, 0x80, 0x00, 0x00, 0x80, 0x00, 0x0f, 0xfc, 0x00, 0x0f, 0xfe, 0x3f,
    0xf1, 0x86, 0x7f, 0xf1, 0x86, 0x0c, 0x01, 0x86, 0x0c, 0x01, 0x86, 0x0c, 0x41, 0x86, 0x0c, 0x41,
    0x86, 0x18, 0x61, 0x84, 0x18, 0x63, 0x04, 0x18, 0x63, 0x04, 0x33, 0xf3, 0x0c, 0x3f, 0xb6, 0x0c,
    0x38, 0x16, 0x0c, 0x00, 0x0e, 0x0c, 0x00, 0x1c, 0xfc, 0x00, 0x18, 0xf8, 0x00, 0x00, 0x00, 0x3f,
    0xff, 0xfc, 0x3f, 0xff, 0xfc, 0x30, 0x00, 0x0c, 0x30, 0x60, 0x0c, 0x30, 0x60, 0x0c, 0x30, 0xff,
    0xcc, 0x33, 0x81, 0x8c, 0x37, 0xc3, 0x0c, 0x36, 0x7e, 0x0c, 0x30, 0x3c, 0x0c, 0x30, 0xff, 0x0c,
    0x37, 0xc3, 0xec, 0x3f, 0x00, 0x6c, 0x30, 0x7c, 0x0c, 0x30, 0x0e, 0x0c, 0x30, 0x00, 0x0c, 0x31,
    0xf8, 0x0c, 0x30, 0x3f, 0x8c, 0x30, 0x03, 0x8c, 0x30, 0x00, 0x0c, 0x3f, 0xff, 0xfc, 0x3f, 0xff,
    0xfc, 0x20, 0x00, 0x04, 0x00, 0x00, 0x00, 0x00, 0x00, 0x30, 0x3f, 0x80, 0x30, 0x3f, 0x80, 0x30,
    0x30, 0x80, 0x30, 0x30, 0x9f, 0xfe, 0x30, 0xbf, 0xfe, 0x30, 0x80, 0x30, 0x30, 0x80, 0x30, 0x30,
    0x80, 0x30, 0x3f, 0x8c, 0x30, 0x3f, 0x8c, 0x30, 0x30, 0x86, 0x30, 0x30, 0x86, 0x30, 0x30, 0x83,
    0x30, 0x30, 0x83, 0x30, 0x30, 0x80, 0x30, 0x3f, 0x80, 0x30, 0x3f, 0x80, 0x30, 0x30, 0x00, 0x30,
    0x30, 0x00, 0x30, 0x00, 0x03, 0xf0, 0x00, 0x03, 0xe0, 0x04, 0x00, 0x00, 0x04, 0x00, 0x1c, 0x04,
    0x03, 0xfc, 0x04, 0x3f, 0xe0, 0x04, 0x30, 0x00, 0x3f, 0xb0, 0x00, 0x7f, 0xb0, 0x00, 0x0c, 0x30,
    0x00, 0x0e, 0x3f, 0xfc, 0x0f, 0x3f, 0xfc, 0x1f, 0x36, 0x08, 0x1d, 0xb6, 0x18, 0x14, 0xb2, 0x18,
    0x34, 0x33, 0x10, 0x34, 0x33, 0x30, 0x64, 0x31, 0xf0, 0x64, 0x21, 0xe0, 0x44, 0x60, 0xc0, 0x04,
    0x61, 0xe0, 0x04, 0x63, 0xf0, 0x04, 0xc7, 0x38, 0x04, 0xde, 0x1c, 0x05, 0x98, 0x0e, 0x04, 0x00,
    0x00, 0x04, 0x00, 0x20, 0x0c, 0x0c, 0x60, 0x0c, 0x7f, 0xfc, 0x0c, 0xff, 0xfe, 0x0c, 0x0c, 0x60,
    0x3f, 0x0c, 0x60, 0x7f, 0x0c, 0x20, 0x0c, 0x3f, 0xf8, 0x0c, 0x20, 0x08, 0x1e, 0x20, 0x08, 0x1e,
    0x3f, 0xf8, 0x1f, 0x20, 0x08, 0x1d, 0xa0, 0x08, 0x3d, 0x3f, 0xf8, 0x2c, 0x03, 0x00, 0x6c, 0x03,
    0x00, 0x6c, 0x7f, 0xfc, 0x4c, 0xff, 0xfe, 0x0c, 0x07, 0x80, 0x0c, 0x06, 0xc0, 0x0c, 0x1c, 0x60,
    0x0c, 0x78, 0x38, 0x0c, 0xe0, 0x1e, 0x04, 0x00, 0x00, 0x00, 0x04, 0x00, 0x0c, 0x06, 0x00, 0x0c,
    0x06, 0x00, 0x0c, 0x06, 0x00, 0x0c, 0x06, 0x00, 0x0c, 0x06, 0x00, 0x0c, 0x06, 0x00, 0x0f, 0xff,
    0xfc, 0x0f, 0xff, 0xfc, 0x0c, 0x00, 0x00, 0x0c, 0x00, 0x00, 0x0c, 0x00, 0x00, 0x0c, 0x00, 0x00,
    0x0f, 0xff, 0xc0, 0x0f, 0xff, 0xc0, 0x0c, 0x00, 0xc0, 0x0c, 0x00, 0xc0, 0x18, 0x00, 0xc0, 0x18,
    0x00, 0xc0, 0x18, 0x00, 0xc0, 0x30, 0x00, 0xc0, 0x70, 0x00, 0xc0, 0x60, 0x00, 0xc0, 0x00, 0x00,
    0xc0, 0x00, 0x00, 0x00, 0x1f, 0xff, 0xfc, 0x18, 0xc3, 0x0c, 0x18, 0xc3, 0x0c, 0x1f, 0xff, 0xfc,
    0x00, 0x18, 0x00, 0x00, 0x18, 0x00, 0x3f, 0xff, 0xfc, 0x00, 0x30, 0x00, 0x00, 0x30, 0x00, 0x07,
    0xff, 0xe0, 0x04, 0x00, 0x20, 0x04, 0x00, 0x20, 0x07, 0xff, 0xe0, 0x04, 0x00, 0x20, 0x07, 0xff,
    0xe0, 0x04, 0x00, 0x20, 0x04, 0x00, 0x20, 0x07, 0xff, 0xe0, 0x04, 0x00, 0x20, 0x0c, 0x00, 0x70,
    0x7f, 0xff, 0xfe, 0x00, 0x00, 0x00, 0x03, 0x00, 0x00, 0x06, 0x3f, 0xfc, 0x0c, 0x1f, 0xfc, 0x38,
    0x00, 0x00, 0x70, 0x00, 0x00, 0x61, 0x80, 0x00, 0x03, 0x00, 0x00, 0x03, 0x00, 0x00, 0x06, 0x7f,
    0xfe, 0x0c, 0x3f, 0xfe, 0x1c, 0x00, 0x60, 0x3c, 0x00, 0x60, 0x64, 0x00, 0x60, 0x44, 0x00, 0x60,
    0x04, 0x00, 0x60, 0x04, 0x00, 0x60, 0x04, 0x00, 0x60, 0x04, 0x00, 0x60, 0x04, 0x00, 0x60, 0x04,
    0x00, 0x60, 0x04, 0x00, 0x60, 0x04, 0x07, 0xe0, 0x04, 0x03, 0xc0, 0x18, 0x0f, 0xe0, 0x1c, 0x0f,
    0xe0, 0x0e, 0x0c, 0x20, 0x07, 0x08, 0x20, 0x02, 0x08, 0x20, 0x00, 0x18, 0x20, 0x00, 0x18, 0x30,
    0x7c, 0x30, 0x3e, 0x7c, 0xe0, 0x1c, 0x0c, 0x40, 0x00, 0x0c, 0x7f, 0xf8, 0x0c, 0x7f, 0xf8, 0x0c,
    0x30, 0x18, 0x0c, 0x18, 0x18, 0x0c, 0x18, 0x30, 0x0c, 0x0c, 0x60, 0x0c, 0x86, 0xe0, 0x0d, 0x83,
    0xc0, 0x0f, 0x83, 0x80, 0x0e, 0x0f, 0xe0, 0x1c, 0x7c, 0x7c, 0x08, 0xf0, 0x1e, 0x00, 0x00, 0x00,
    0x10, 0x00, 0x00, 0x18, 0x3f, 0xfc, 0x0c, 0x7f, 0xfe, 0x06, 0x01, 0x80, 0x02, 0x01, 0x80, 0x00,
    0x01, 0x80, 0x00, 0x01, 0x80, 0x7c, 0x01, 0x80, 0x7c, 0x31, 0x80, 0x04, 0x31, 0x80, 0x04, 0x31,
    0xfc, 0x04, 0x31, 0xfc, 0x04, 0x31, 0x80, 0x04, 0x31, 0x80, 0x04, 0x31, 0x80, 0x04, 0x31, 0x80,
    0x04, 0xb1, 0x80, 0x07, 0xb1, 0x80, 0x0f, 0x31, 0x80, 0x0e, 0x31, 0x80, 0x0c, 0xff, 0xfe, 0x08,
    0x7f, 0xfe, 0x00, 0x00, 0x00, 0x30, 0x7f, 0xfc, 0x38, 0x00, 0x30, 0x1c, 0x1c, 0xe0, 0x0e, 0x07,
    0xc0, 0x04, 0x03, 0xe0, 0x00, 0x7f, 0xfc, 0x00, 0x43, 0x0c, 0x00, 0x43, 0x0c, 0x7c, 0x63, 0x0c,
    0x7c, 0x7f, 0xfc, 0x0c, 0x43, 0x0c, 0x0c, 0x43, 0x0c, 0x0c, 0x7f, 0xfc, 0x0c, 0x63, 0x0c, 0x0c,
    0x43, 0x0c, 0x0c, 0x43, 0x0c, 0x0c, 0x43, 0x0c, 0x1e, 0x43, 0x3c, 0x3b, 0x00, 0x00, 0x71, 0xff,
    0xfe, 0x60, 0x7f, 0xfe, 0x00, 0x00, 0x00, 0x00, 0x00, 0x80, 0x0c, 0x00, 0x80, 0x18, 0x00, 0x80,
    0x1f, 0xc0, 0x80, 0x3f, 0xc0, 0x80, 0x30, 0x00, 0xc0, 0x60, 0x1f, 0xfe, 0x60, 0x1f, 0xfe, 0x1f,
    0xd0, 0x86, 0x1f, 0x90, 0x86, 0x06, 0x10, 0x86, 0x06, 0x10, 0x86, 0x06, 0x10, 0x86, 0x7f, 0xd0,
    0x86, 0x3f, 0xdf, 0xfe, 0x06, 0x1f, 0xfe, 0x06, 0x10, 0x84, 0x06, 0x00, 0x80, 0x06, 0x00, 0x80,
    0x06, 0xc0, 0x80, 0x07, 0x80, 0x80, 0x0f, 0x00, 0x80, 0x0c, 0x00, 0x80, 0x00, 0x00, 0x80,
};
static const lv_font_fmt_txt_glyph_dsc_t font_24_glyphs[] = {
    {0},
    {.bitmap_index = 0, .adv_w = 224, .box_w = 15, .box_h = 18, .ofs_x = 0, .ofs_y = 0}, /* U+0041 */
    {.bitmap_index = 34, .adv_w = 240, .box_w = 15, .box_h = 18, .ofs_x = 0, .ofs_y = 0}, /* U+0043 */
    {.bitmap_index = 68, .adv_w = 224, .box_w = 14, .box_h = 18, .ofs_x = 0, .ofs_y = 0}, /* U+0045 */
    {.bitmap_index = 100, .adv_w = 256, .box_w = 16, .box_h = 18, .ofs_x = 0, .ofs_y = 0}, /* U+0047 */
    {.bitmap_index = 136, .adv_w = 112, .box_w = 7, .box_h = 18, .ofs_x = 0, .ofs_y = 0}, /* U+0049 */
    {.bitmap_index = 152, .adv_w = 240, .box_w = 16, .box_h = 18, .ofs_x = 0, .ofs_y = 0}, /* U+004B */
    {.bitmap_index = 188, .adv_w = 208, .box_w = 13, .box_h = 18, .ofs_x = 0, .ofs_y = 0}, /* U+004C */
    {.bitmap_index = 218, .adv_w = 304, .box_w = 19, .box_h = 18, .ofs_x = 0, .ofs_y = 0}, /* U+004D */
    {.bitmap_index = 261, .adv_w = 272, .box_w = 17, .box_h = 18, .ofs_x = 0, .ofs_y = 0}, /* U+004E */
    {.bitmap_index = 300, .adv_w = 288, .box_w = 18, .box_h = 18, .ofs_x = 0, .ofs_y = 0}, /* U+004F */
    {.bitmap_index = 341, .adv_w = 240, .box_w = 15, .box_h = 18, .ofs_x = 0, .ofs_y = 0}, /* U+0050 */
    {.bitmap_index = 375, .adv_w = 224, .box_w = 14, .box_h = 18, .ofs_x = 0, .ofs_y = 0}, /* U+0053 */
    {.bitmap_index = 407, .adv_w = 224, .box_w = 14, .box_h = 18, .ofs_x = 0, .ofs_y = 0}, /* U+0054 */
    {.bitmap_index = 439, .adv_w = 384, .box_w = 24, .box_h = 24, .ofs_x = 0, .ofs_y = -3}, /* U+52A8 */
    {.bitmap_index = 511, .adv_w = 384, .box_w = 24, .box_h = 23, .ofs_x = 0, .ofs_y = -3}, /* U+56FE */
    {.bitmap_index = 580, .adv_w = 384, .box_w = 24, .box_h = 23, .ofs_x = 0, .ofs_y = -2}, /* U+65F6 */
    {.bitmap_index = 649, .adv_w = 384, .box_w = 24, .box_h = 24, .ofs_x = 0, .ofs_y = -3}, /* U+677F */
    {.bitmap_index = 721, .adv_w = 384, .box_w = 24, .box_h = 24, .ofs_x = 0, .ofs_y = -3}, /* U+6A21 */
    {.bitmap_index = 793, .adv_w = 384, .box_w = 24, .box_h = 24, .ofs_x = 0, .ofs_y = -3}, /* U+7247 */
    {.bitmap_index = 865, .adv_w = 384, .box_w = 24, .box_h = 22, .ofs_x = 0, .ofs_y = -2}, /* U+7F6E */
    {.bitmap_index = 931, .adv_w = 384, .box_w = 24, .box_h = 24, .ofs_x = 0, .ofs_y = -3}, /* U+884C */
    {.bitmap_index = 1003, .adv_w = 384, .box_w = 24, .box_h = 23, .ofs_x = 0, .ofs_y = -3}, /* U+8BBE */
    {.bitmap_index = 1072, .adv_w = 384, .box_w = 24, .box_h = 22, .ofs_x = 0, .ofs_y = -2}, /* U+8BC1 */
    {.bitmap_index = 1138, .adv_w = 384, .box_w = 24, .box_h = 23, .ofs_x = 0, .ofs_y = -3}, /* U+901A */
    {.bitmap_index = 1207, .adv_w = 384, .box_w = 24, .box_h = 24, .ofs_x = 0, .ofs_y = -3}, /* U+949F */
};
static const uint16_t font_24_unicodes[] = {33, 35, 37, 39, 41, 43, 44, 45, 46, 47, 48, 51, 52, 21128, 22238, 26070, 26463, 27137, 29223, 32590, 34860, 35742, 35745, 36858, 38015};
static const lv_font_fmt_txt_cmap_t font_24_cmap[] = {{
    .range_start = 32, .range_length = 38016,
    .glyph_id_start = 1, .unicode_list = font_24_unicodes,
    .list_length = 25, .type = LV_FONT_FMT_TXT_CMAP_SPARSE_TINY
}};
static const lv_font_fmt_txt_dsc_t font_24_dsc = {
    .glyph_bitmap = font_24_bitmap, .glyph_dsc = font_24_glyphs,
    .cmaps = font_24_cmap, .cmap_num = 1, .bpp = 1,
    .bitmap_format = LV_FONT_FMT_TXT_PLAIN, .stride = 0
};
const lv_font_t ui_font_24 = {
    .get_glyph_dsc = lv_font_get_glyph_dsc_fmt_txt,
    .get_glyph_bitmap = lv_font_get_bitmap_fmt_txt,
    .line_height = 28, .base_line = 4,
    .cap_height = 24, .x_height = 16,
    .subpx = LV_FONT_SUBPX_NONE, .kerning = LV_FONT_KERNING_NONE,
    .static_bitmap = 1, .underline_position = -2,
    .underline_thickness = 1, .dsc = &font_24_dsc
};

static const uint8_t font_36_bitmap[] = {
    0x00, 0x78, 0x00, 0x01, 0xe0, 0x00, 0x0f, 0x80, 0x00, 0x3f, 0x00, 0x01, 0xdc, 0x00, 0x07, 0x30,
    0x00, 0x1c, 0xe0, 0x00, 0xe3, 0x80, 0x03, 0x87, 0x00, 0x0e, 0x1c, 0x00, 0x70, 0x70, 0x01, 0xc1,
    0xe0, 0x07, 0x03, 0x80, 0x38, 0x0e, 0x00, 0xe0, 0x3c, 0x03, 0x80, 0xf0, 0x1f, 0xff, 0xc0, 0x7f,
    0xff, 0x81, 0xc0, 0x0e, 0x0e, 0x00, 0x38, 0x38, 0x00, 0xf0, 0xe0, 0x01, 0xc7, 0x00, 0x07, 0x1c,
    0x00, 0x1e, 0x70, 0x00, 0x3b, 0x80, 0x00, 0xe0, 0x0f, 0xff, 0x00, 0x1f, 0xff, 0x80, 0x3f, 0xff,
    0x80, 0x70, 0x07, 0x80, 0xe0, 0x07, 0x01, 0xc0, 0x0e, 0x03, 0x80, 0x1c, 0x07, 0x00, 0x38, 0x0e,
    0x00, 0x70, 0x1c, 0x01, 0xc0, 0x38, 0x0f, 0x80, 0x7f, 0xfc, 0x00, 0xff, 0xfc, 0x01, 0xc1, 0xfe,
    0x03, 0x80, 0x1e, 0x07, 0x00, 0x1c, 0x0e, 0x00, 0x3c, 0x1c, 0x00, 0x38, 0x38, 0x00, 0x70, 0x70,
    0x00, 0xe0, 0xe0, 0x03, 0xc1, 0xc0, 0x07, 0x03, 0x80, 0x3e, 0x07, 0x0f, 0xf8, 0x0f, 0xff, 0xe0,
    0x1f, 0xfe, 0x00, 0x0f, 0xfe, 0x00, 0x07, 0xff, 0xc0, 0x03, 0xff, 0xf0, 0x01, 0xc0, 0x7e, 0x00,
    0xe0, 0x0f, 0x00, 0x70, 0x03, 0xc0, 0x38, 0x00, 0xe0, 0x1c, 0x00, 0x78, 0x0e, 0x00, 0x1c, 0x07,
    0x00, 0x0e, 0x03, 0x80, 0x07, 0x01, 0xc0, 0x03, 0x80, 0xe0, 0x01, 0xe0, 0x70, 0x00, 0xf0, 0x38,
    0x00, 0x70, 0x1c, 0x00, 0x38, 0x0e, 0x00, 0x1c, 0x07, 0x00, 0x0e, 0x03, 0x80, 0x0f, 0x01, 0xc0,
    0x07, 0x00, 0xe0, 0x07, 0x80, 0x70, 0x07, 0x80, 0x38, 0x0f, 0x80, 0x1f, 0xff, 0x80, 0x0f, 0xff,
    0x80, 0x07, 0xff, 0x00, 0x00, 0x0e, 0x00, 0x1c, 0x03, 0xc0, 0x07, 0x00, 0xf0, 0x01, 0xc0, 0x3e,
    0x00, 0x70, 0x0f, 0xc0, 0x1c, 0x03, 0x70, 0x07, 0x00, 0xce, 0x01, 0xc0, 0x33, 0x80, 0x70, 0x0c,
    0x70, 0x1c, 0x03, 0x9c, 0x07, 0x00, 0xe3, 0x81, 0xc0, 0x38, 0xf0, 0x70, 0x0e, 0x1c, 0x1c, 0x03,
    0x83, 0x87, 0x00, 0xe0, 0xe1, 0xc0, 0x38, 0x1c, 0x70, 0x0e, 0x07, 0x9c, 0x03, 0x80, 0xe7, 0x00,
    0xe0, 0x1d, 0xc0, 0x38, 0x07, 0x70, 0x0e, 0x00, 0xec, 0x03, 0x80, 0x3f, 0x00, 0xe0, 0x07, 0xc0,
    0x38, 0x01, 0xf0, 0x0e, 0x00, 0x3c, 0x03, 0x80, 0x07, 0x00, 0x0f, 0xff, 0x00, 0x1f, 0xff, 0x80,
    0x3f, 0xff, 0x80, 0x70, 0x07, 0x80, 0xe0, 0x07, 0x01, 0xc0, 0x0f, 0x03, 0x80, 0x1e, 0x07, 0x00,
    0x1c, 0x0e, 0x00, 0x78, 0x1c, 0x00, 0xf0, 0x38, 0x01, 0xc0, 0x70, 0x07, 0x80, 0xe0, 0x3e, 0x01,
    0xff, 0xf8, 0x03, 0xff, 0xe0, 0x07, 0xf0, 0x00, 0x0e, 0x00, 0x00, 0x1c, 0x00, 0x00, 0x38, 0x00,
    0x00, 0x70, 0x00, 0x00, 0xe0, 0x00, 0x01, 0xc0, 0x00, 0x03, 0x80, 0x00, 0x07, 0x00, 0x00, 0x0e,
    0x00, 0x00, 0x1c, 0x00, 0x00, 0x00, 0xfe, 0x00, 0x1f, 0xfc, 0x01, 0xff, 0xf0, 0x1e, 0x03, 0xc1,
    0xe0, 0x0c, 0x0e, 0x00, 0x00, 0x70, 0x00, 0x03, 0x80, 0x00, 0x1e, 0x00, 0x00, 0x78, 0x00, 0x03,
    0xf0, 0x00, 0x07, 0xf0, 0x00, 0x1f, 0xe0, 0x00, 0x3f, 0xc0, 0x00, 0x3f, 0x00, 0x00, 0x7c, 0x00,
    0x01, 0xe0, 0x00, 0x07, 0x80, 0x00, 0x3c, 0x00, 0x01, 0xe1, 0x00, 0x0f, 0x1c, 0x00, 0x70, 0xf8,
    0x0f, 0x83, 0xff, 0xf8, 0x07, 0xff, 0x00, 0x0f, 0xf0, 0x00, 0x7f, 0xff, 0xf3, 0xff, 0xff, 0x9f,
    0xff, 0xfc, 0x00, 0xe0, 0x00, 0x07, 0x00, 0x00, 0x38, 0x00, 0x01, 0xc0, 0x00, 0x0e, 0x00, 0x00,
    0x70, 0x00, 0x03, 0x80, 0x00, 0x1c, 0x00, 0x00, 0xe0, 0x00, 0x07, 0x00, 0x00, 0x38, 0x00, 0x01,
    0xc0, 0x00, 0x0e, 0x00, 0x00, 0x70, 0x00, 0x03, 0x80, 0x00, 0x1c, 0x00, 0x00, 0xe0, 0x00, 0x07,
    0x00, 0x00, 0x38, 0x00, 0x01, 0xc0, 0x00, 0x0e, 0x00, 0x00, 0x70, 0x00, 0x03, 0x80, 0x00, 0xf0,
    0x01, 0xee, 0x00, 0x39, 0xc0, 0x0f, 0x1c, 0x01, 0xc3, 0x80, 0x78, 0x38, 0x0e, 0x07, 0x01, 0xc0,
    0x70, 0x70, 0x0e, 0x0e, 0x00, 0xe3, 0x80, 0x1c, 0x70, 0x01, 0xdc, 0x00, 0x3b, 0x80, 0x03, 0xe0,
    0x00, 0x7c, 0x00, 0x07, 0x00, 0x00, 0xe0, 0x00, 0x1c, 0x00, 0x03, 0x80, 0x00, 0x70, 0x00, 0x0e,
    0x00, 0x01, 0xc0, 0x00, 0x38, 0x00, 0x07, 0x00, 0x00, 0xe0, 0x00, 0x1c, 0x00, 0x00, 0x10, 0x02,
    0x00, 0x00, 0x03, 0x80, 0x70, 0x00, 0x00, 0x38, 0x07, 0x00, 0x00, 0x07, 0x00, 0x70, 0x00, 0x00,
    0x70, 0x07, 0x00, 0x00, 0x0e, 0x00, 0x70, 0x00, 0x00, 0xe0, 0x07, 0x00, 0x00, 0x1c, 0x00, 0x70,
    0x00, 0x03, 0xc0, 0x07, 0x00, 0x00, 0x38, 0x00, 0x70, 0x00, 0x07, 0x9f, 0xff, 0xff, 0xc0, 0xf9,
    0xff, 0xff, 0xfc, 0x1f, 0x80, 0x0f, 0xc0, 0x03, 0xd8, 0x01, 0xfc, 0x00, 0x79, 0x80, 0x1f, 0xc0,
    0x07, 0x98, 0x03, 0xfe, 0x00, 0x71, 0x80, 0x37, 0x60, 0x02, 0x18, 0x07, 0x77, 0x00, 0x01, 0x80,
    0x77, 0x30, 0x00, 0x18, 0x0e, 0x73, 0x80, 0x01, 0x81, 0xc7, 0x1c, 0x00, 0x18, 0x1c, 0x71, 0xc0,
    0x01, 0x83, 0x87, 0x0e, 0x00, 0x18, 0x78, 0x70, 0x70, 0x01, 0x87, 0x07, 0x07, 0x80, 0x18, 0xe0,
    0x70, 0x38, 0x01, 0x9c, 0x07, 0x01, 0xc0, 0x1b, 0x80, 0x70, 0x0e, 0x01, 0x98, 0x07, 0x00, 0x40,
    0x18, 0x00, 0x70, 0x00, 0x01, 0x80, 0x07, 0x00, 0x00, 0x18, 0x00, 0x70, 0x00, 0x01, 0x80, 0x07,
    0x00, 0x00, 0x18, 0x00, 0x70, 0x00, 0x0f, 0xff, 0xff, 0xf8, 0x01, 0xff, 0xff, 0xff, 0xc0, 0x1f,
    0xff, 0xff, 0xfc, 0x00, 0x00, 0x00, 0x01, 0xc0, 0x00, 0x00, 0x00, 0x1c, 0x00, 0x00, 0x00, 0x01,
    0xc0, 0x00, 0x00, 0x00, 0x1c, 0x00, 0x70, 0x00, 0x01, 0xc0, 0x07, 0x00, 0x00, 0x1c, 0x00, 0x70,
    0x00, 0x01, 0xc0, 0x07, 0x00, 0x00, 0x1c, 0x00, 0x70, 0x00, 0x01, 0xc0, 0x07, 0x00, 0x00, 0x1c,
    0x00, 0x7f, 0xff, 0xff, 0xc0, 0x07, 0xff, 0xff, 0xfc, 0x00, 0x7f, 0xff, 0xff, 0xc0, 0x07, 0x00,
    0x00, 0x1c, 0x00, 0x70, 0x00, 0x00, 0x00, 0x07, 0x00, 0x00, 0x00, 0x00, 0x70, 0x00, 0x00, 0x00,
    0x07, 0x00, 0x00, 0x00, 0x00, 0x70, 0x00, 0x00, 0x08, 0x07, 0x00, 0x00, 0x01, 0xc0, 0x70, 0x00,
    0x00, 0x1c, 0x07, 0x00, 0x00, 0x01, 0xc0, 0x70, 0x00, 0x00, 0x1c, 0x07, 0x00, 0x00, 0x01, 0xc0,
    0x70, 0x00, 0x00, 0x38, 0x03, 0xf8, 0x00, 0x3f, 0x80, 0x3f, 0xff, 0xff, 0xf0, 0x00, 0xff, 0xff,
    0xfe, 0x00, 0x00, 0x00, 0x00, 0x00, 0x01, 0xff, 0x1f, 0xff, 0xf8, 0x1f, 0xf1, 0xff, 0xff, 0x81,
    0x83, 0x1c, 0x00, 0x38, 0x18, 0x31, 0xc0, 0x03, 0x81, 0x83, 0x1c, 0x00, 0x38, 0x18, 0x31, 0xc0,
    0x03, 0x81, 0x83, 0x1c, 0x00, 0x38, 0x18, 0x31, 0xc0, 0x03, 0x81, 0xff, 0x1f, 0xff, 0xf8, 0x1f,
    0xf1, 0xff, 0xff, 0x81, 0x83, 0x1c, 0x1c, 0x00, 0x18, 0x31, 0xc0, 0xc0, 0x01, 0x83, 0x1c, 0x0c,
    0x00, 0x18, 0x31, 0xc0, 0xc0, 0x01, 0x83, 0x1c, 0x0c, 0x00, 0x18, 0x31, 0xc0, 0xe0, 0x01, 0xff,
    0x1f, 0xff, 0xfc, 0x1f, 0xf1, 0xff, 0xff, 0xc1, 0x83, 0x1c, 0x0e, 0x00, 0x18, 0x31, 0xc0, 0xe0,
    0x01, 0x83, 0x1c, 0x0e, 0x00, 0x18, 0x31, 0xc0, 0x60, 0x01, 0x83, 0x1c, 0x06, 0x00, 0x18, 0x31,
    0xc0, 0x70, 0x01, 0xff, 0x1c, 0x07, 0x04, 0x1f, 0xf1, 0xc0, 0x30, 0x61, 0x80, 0x1c, 0x03, 0x86,
    0x18, 0x01, 0xcf, 0xb8, 0xe1, 0x80, 0x1f, 0xf9, 0xcc, 0x00, 0x03, 0xfc, 0x0f, 0xc0, 0x00, 0x3e,
    0x00, 0x78, 0x00, 0x03, 0x00, 0x00, 0x00, 0x00, 0x00, 0x00, 0x00, 0x00, 0x06, 0x00, 0x00, 0x00,
    0x00, 0xf0, 0x00, 0x00, 0x00, 0x1e, 0x1f, 0xff, 0xf8, 0x03, 0xc1, 0xff, 0xff, 0x80, 0x78, 0x00,
    0x00, 0x00, 0x0f, 0x00, 0x00, 0x00, 0x01, 0xe0, 0x00, 0x00, 0x00, 0x3c, 0x00, 0x00, 0x00, 0x03,
    0x81, 0x80, 0x00, 0x00, 0x30, 0x38, 0x00, 0x00, 0x00, 0x07, 0x00, 0x00, 0x00, 0x00, 0x70, 0x00,
    0x00, 0x00, 0x0e, 0x00, 0x00, 0x00, 0x01, 0xc3, 0xff, 0xff, 0xc0, 0x3c, 0x3f, 0xff, 0xfc, 0x07,
    0x80, 0x00, 0x38, 0x00, 0xf8, 0x00, 0x03, 0x80, 0x1f, 0x80, 0x00, 0x38, 0x03, 0xd8, 0x00, 0x03,
    0x80, 0x79, 0x80, 0x00, 0x38, 0x03, 0x18, 0x00, 0x03, 0x80, 0x01, 0x80, 0x00, 0x38, 0x00, 0x18,
    0x00, 0x03, 0x80, 0x01, 0x80, 0x00, 0x38, 0x00, 0x18, 0x00, 0x03, 0x80, 0x01, 0x80, 0x00, 0x38,
    0x00, 0x18, 0x00, 0x03, 0x80, 0x01, 0x80, 0x00, 0x38, 0x00, 0x18, 0x00, 0x03, 0x80, 0x01, 0x80,
    0x00, 0x38, 0x00, 0x18, 0x00, 0x03, 0x80, 0x01, 0x80, 0x00, 0x38, 0x00, 0x18, 0x00, 0xff, 0x80,
    0x01, 0x80, 0x0f, 0xf0, 0x00, 0x00, 0x00, 0x00, 0x00, 0x04, 0x00, 0x00, 0x00, 0x00, 0xe0, 0x00,
    0x00, 0x00, 0x07, 0x03, 0xff, 0xff, 0xc0, 0x38, 0x3f, 0xff, 0xfc, 0x01, 0xc0, 0x01, 0xc0, 0x00,
    0x0e, 0x00, 0x1c, 0x00, 0x00, 0x40, 0x01, 0xc0, 0x00, 0x00, 0x00, 0x1c, 0x00, 0x00, 0x00, 0x01,
    0xc0, 0x00, 0x00, 0x00, 0x1c, 0x00, 0x00, 0x00, 0x01, 0xc0, 0x03, 0xfc, 0x0c, 0x1c, 0x00, 0x3f,
    0xc0, 0xc1, 0xc0, 0x00, 0x1c, 0x0c, 0x1c, 0x00, 0x01, 0xc0, 0xc1, 0xff, 0x80, 0x1c, 0x0c, 0x1f,
    0xf8, 0x01, 0xc0, 0xc1, 0xc0, 0x00, 0x1c, 0x0c, 0x1c, 0x00, 0x01, 0xc0, 0xc1, 0xc0, 0x00, 0x1c,
    0x0c, 0x1c, 0x00, 0x01, 0xc0, 0xc1, 0xc0, 0x00, 0x1c, 0x0c, 0x1c, 0x00, 0x01, 0xc0, 0xc1, 0xc0,
    0x00, 0x1c, 0x0c, 0x1c, 0x00, 0x01, 0xdc, 0xc1, 0xc0, 0x00, 0x1f, 0xcc, 0x1c, 0x00, 0x01, 0xf8,
    0xc1, 0xc0, 0x00, 0x1f, 0x0c, 0x1c, 0x00, 0x03, 0xc0, 0xc1, 0xc0, 0x00, 0x78, 0x7f, 0xff, 0xfe,
    0x07, 0x07, 0xff, 0xff, 0xe0, 0x00, 0x00, 0x00, 0x00, 0x00, 0x00, 0x00, 0x00, 0x00, 0x80, 0x7f,
    0xff, 0xf0, 0x1c, 0x07, 0xff, 0xff, 0x81, 0xe0, 0x00, 0x00, 0xe0, 0x0f, 0x00, 0x60, 0x3c, 0x00,
    0x78, 0x07, 0x87, 0x80, 0x03, 0xc0, 0x3f, 0xe0, 0x00, 0x1c, 0x00, 0xfc, 0x00, 0x00, 0x80, 0x03,
    0xe0, 0x00, 0x00, 0x7f, 0xff, 0xf8, 0x00, 0x07, 0xff, 0xff, 0x80, 0x00, 0x60, 0x30, 0x38, 0x00,
    0x06, 0x03, 0x03, 0x80, 0x00, 0x60, 0x30, 0x38, 0x7f, 0x86, 0x03, 0x03, 0x87, 0xf8, 0x7f, 0xff,
    0xf8, 0x03, 0x87, 0xff, 0xff, 0x80, 0x18, 0x60, 0x30, 0x38, 0x01, 0x86, 0x03, 0x03, 0x80, 0x18,
    0x60, 0x30, 0x38, 0x01, 0x87, 0xff, 0xff, 0x80, 0x18, 0x7f, 0xff, 0xf8, 0x01, 0x86, 0x03, 0x03,
    0x80, 0x18, 0x60, 0x30, 0x38, 0x01, 0x86, 0x03, 0x03, 0x80, 0x18, 0x60, 0x30, 0x38, 0x01, 0x86,
    0x03, 0x03, 0x80, 0x38, 0x60, 0x33, 0xf8, 0x07, 0xe6, 0x03, 0x1f, 0x00, 0xef, 0x00, 0x00, 0x00,
    0x3c, 0x3f, 0x00, 0x00, 0xe3, 0x80, 0xff, 0xff, 0xfe, 0x30, 0x01, 0xff, 0xff, 0xc0, 0x00, 0x00,
    0x00, 0x00,
};
static const lv_font_fmt_txt_glyph_dsc_t font_36_glyphs[] = {
    {0},
    {.bitmap_index = 0, .adv_w = 352, .box_w = 22, .box_h = 26, .ofs_x = 0, .ofs_y = 0}, /* U+0041 */
    {.bitmap_index = 72, .adv_w = 368, .box_w = 23, .box_h = 26, .ofs_x = 0, .ofs_y = 0}, /* U+0042 */
    {.bitmap_index = 147, .adv_w = 400, .box_w = 25, .box_h = 26, .ofs_x = 0, .ofs_y = 0}, /* U+0044 */
    {.bitmap_index = 229, .adv_w = 416, .box_w = 26, .box_h = 26, .ofs_x = 0, .ofs_y = 0}, /* U+004E */
    {.bitmap_index = 314, .adv_w = 368, .box_w = 23, .box_h = 26, .ofs_x = 0, .ofs_y = 0}, /* U+0050 */
    {.bitmap_index = 389, .adv_w = 336, .box_w = 21, .box_h = 26, .ofs_x = 0, .ofs_y = 0}, /* U+0053 */
    {.bitmap_index = 458, .adv_w = 336, .box_w = 21, .box_h = 26, .ofs_x = 0, .ofs_y = 0}, /* U+0054 */
    {.bitmap_index = 527, .adv_w = 304, .box_w = 19, .box_h = 26, .ofs_x = 0, .ofs_y = 0}, /* U+0059 */
    {.bitmap_index = 589, .adv_w = 576, .box_w = 36, .box_h = 34, .ofs_x = 0, .ofs_y = -3}, /* U+4F11 */
    {.bitmap_index = 742, .adv_w = 576, .box_w = 36, .box_h = 31, .ofs_x = 0, .ofs_y = -2}, /* U+5DF2 */
    {.bitmap_index = 882, .adv_w = 576, .box_w = 36, .box_h = 33, .ofs_x = 0, .ofs_y = -3}, /* U+7720 */
    {.bitmap_index = 1031, .adv_w = 576, .box_w = 36, .box_h = 36, .ofs_x = 0, .ofs_y = -4}, /* U+884C */
    {.bitmap_index = 1193, .adv_w = 576, .box_w = 36, .box_h = 32, .ofs_x = 0, .ofs_y = -2}, /* U+8BC1 */
    {.bitmap_index = 1337, .adv_w = 576, .box_w = 36, .box_h = 34, .ofs_x = 0, .ofs_y = -3}, /* U+901A */
};
static const uint16_t font_36_unicodes[] = {33, 34, 36, 46, 48, 51, 52, 57, 20209, 24018, 30464, 34860, 35745, 36858};
static const lv_font_fmt_txt_cmap_t font_36_cmap[] = {{
    .range_start = 32, .range_length = 36859,
    .glyph_id_start = 1, .unicode_list = font_36_unicodes,
    .list_length = 14, .type = LV_FONT_FMT_TXT_CMAP_SPARSE_TINY
}};
static const lv_font_fmt_txt_dsc_t font_36_dsc = {
    .glyph_bitmap = font_36_bitmap, .glyph_dsc = font_36_glyphs,
    .cmaps = font_36_cmap, .cmap_num = 1, .bpp = 1,
    .bitmap_format = LV_FONT_FMT_TXT_PLAIN, .stride = 0
};
const lv_font_t ui_font_36 = {
    .get_glyph_dsc = lv_font_get_glyph_dsc_fmt_txt,
    .get_glyph_bitmap = lv_font_get_bitmap_fmt_txt,
    .line_height = 40, .base_line = 4,
    .cap_height = 36, .x_height = 24,
    .subpx = LV_FONT_SUBPX_NONE, .kerning = LV_FONT_KERNING_NONE,
    .static_bitmap = 1, .underline_position = -2,
    .underline_thickness = 1, .dsc = &font_36_dsc
};
